Municipio,Barrio,Poblacion
F,"Villa García, Manga RuralMangaMaroñas, Parque GuaraníJardines del HipódromoFlor de MaroñasItuzaingóBañados de Carrasco",133776
G,"Peñarol, LavallejaColón Centro y NoroesteConciliaciónSayagoColón Sureste, AbayubáPaso de las Duranas",123867
B,CordónCentroPalermoParque RodóBarrio SurCiudad Vieja,115706
CH,"PocitosParque Batlle, Villa Dolores",99145
E,MalvínMalvín NorteCarrascoPunta GordaCarrasco Norte,91104
A,"La Paloma, TomkinsonCasabó, Pajas BlancasLa Teja",88581
C,Brazo OrientalReductoLa FiguritaJacinto VeraAtahualpa,59555
D,"CasavalleManga, Toledo Chico",59390
CH y E,BuceoLa Blanqueada,46598
D y F,Villa EspañolaPiedras Blancas,46041
A y G,"Nuevo ParísLezica, Melilla",45903
B y CH,Punta CarretasTres Cruces,40107
"D, E y F",Unión,39880
C y D,"Aires PurosMercado Modelo, Bolívar",31305
B y C,AguadaLa Comercial,30001
E y F,Las Canteras,22974
A y C,"Prado, Nueva Savona",20199
C y CH,Larrañaga,17956
