Barrio,Barrio Latitud,Barrio Longitud,Local,Local Latitud,Local Longitud,Local Dirección(esquina),Local Categoria
Cordón,-34.9008267,-56.1801246,La Trastienda Club,-34.89845512801936,-56.17849313463781,Fernández Crespo 1763 (Paysandú),Music Venue
Cordón,-34.9008267,-56.1801246,Feria de Tristán Narvaja,-34.89999338696435,-56.17876052856445,Tristán Narvaja (e/ Av. 18 de Julio y La Paz),Flea Market
Cordón,-34.9008267,-56.1801246,Confitería Carrera,-34.90254512934743,-56.1799034031762,Magallanes (Colonia),Dessert Shop
Cordón,-34.9008267,-56.1801246,Asociación Cristiana de Jóvenes,-34.90080638625451,-56.17641345869152,Colonia 1870 (Eduardo Acevedo),Gym / Fitness Center
Cordón,-34.9008267,-56.1801246,Plaza de los 33,-34.903020282035314,-56.18036985397339,Av. 18 de Julio (e/ Minas y Magallanes),Plaza
Cordón,-34.9008267,-56.1801246,Palacio Peñarol,-34.89875129665987,-56.18247258467547,Magallanes 1721 (Galicia),Basketball Court
Cordón,-34.9008267,-56.1801246,Donut City,-34.904526,-56.181488,Carlos Roxlo 1381,Donut Shop
Cordón,-34.9008267,-56.1801246,Teatro El Galpón,-34.90467723196055,-56.18081162676741,Avda. 18 de Julio 1618 (Carlos Roxlo),Theater
Cordón,-34.9008267,-56.1801246,Verde,-34.89951913295734,-56.17906829574873,Montevideo Montevideo,Bar
Cordón,-34.9008267,-56.1801246,Don Koto,-34.90197267479525,-56.17889446658261,Colonia 1758 (Gaboto),BBQ Joint
Cordón,-34.9008267,-56.1801246,Mosca,-34.90485823699234,-56.18196838996785,Av. 18 de Julio 1578 (Carlos Roxlo),Paper / Office Supplies Store
Cordón,-34.9008267,-56.1801246,Bar Touring,-34.902907503966624,-56.18100328101109,Colonia 1650 (Minas),Breakfast Spot
Cordón,-34.9008267,-56.1801246,Teatro Notariado,-34.903871600501624,-56.17861324568863,Montevideo Montevideo,Theater
Cordón,-34.9008267,-56.1801246,La Fábrica,-34.900829304770504,-56.17813527668798,Tristán Narvaja 1586 (Mercedes),Pizza Place
Cordón,-34.9008267,-56.1801246,Finisterre Bar,-34.90471192009687,-56.17753560489079,José Enrique Rodó 1799 (Gaboto),Bar
Cordón,-34.9008267,-56.1801246,Gran Sportman,-34.90224585974241,-56.17734144831411,18 de Julio (Tristán Narvaja),South American Restaurant
Cordón,-34.9008267,-56.1801246,La Tortuguita,-34.9008392122961,-56.17835358746794,Tristán Narvaja 1597 (Mercedes),Pizza Place
Cordón,-34.9008267,-56.1801246,Club BPS,-34.901414400657266,-56.18006289438883,Mercedes 1723 (Magallanes),Gym
Cordón,-34.9008267,-56.1801246,Subway 18 de Julio,-34.90178575230538,-56.175207386600626,18 de Julio 1902 (Juan A. Rodríguez),Sandwich Place
Cordón,-34.9008267,-56.1801246,Disco,-34.89896645993807,-56.1776436735643,Fernández Crespo 1727 (Uruguay),Supermarket
Cordón,-34.9008267,-56.1801246,Red Mango Uruguay,-34.90183117977757,-56.175269972720045,Calle Dr. Juan A. Rodriguez 1902,Ice Cream Shop
Cordón,-34.9008267,-56.1801246,La Conjura,-34.90005287283448,-56.17856601692363,Tristan Narvaja 1634 (Av. Uruguay),Bar
Cordón,-34.9008267,-56.1801246,Cain Dance Club,-34.89729197724971,-56.178345853741796,Arenal Grande (Cerro Largo),Gay Bar
Cordón,-34.9008267,-56.1801246,Galeria Del Notariado,-34.903500947386696,-56.17873388557429,Montevideo Montevideo,Clothing Store
Cordón,-34.9008267,-56.1801246,El Milongón,-34.89704169530827,-56.1819690980256,Gaboto 1810 (La Paz),South American Restaurant
Cordón,-34.9008267,-56.1801246,Iberpark,-34.90207784653814,-56.176350099657164,Avda. 18 de Julio 1852 (Eduardo Acevedo),Convenience Store
Cordón,-34.9008267,-56.1801246,Teatro La Gaviota (Stella D'Italia),-34.9005730072933,-56.17828668802983,Mercedes 1805 (Tristan Narvaja),Theater
Cordón,-34.9008267,-56.1801246,Comag,-34.90225166334749,-56.17933481143091,Montevideo Montevideo,Paper / Office Supplies Store
Cordón,-34.9008267,-56.1801246,Patio De La Facultad,-34.89954420417898,-56.178222842217735,Doctor Tristán Narvaja 1674,Plaza
Cordón,-34.9008267,-56.1801246,McCafé,-34.90290582090839,-56.17844544652366,Av. 18 de Julio 1756 (Gaboto),Coffee Shop
Cordón,-34.9008267,-56.1801246,Club Cordón,-34.89775834051922,-56.18109941482544,Galicia 1665 (Gaboto),Basketball Court
Cordón,-34.9008267,-56.1801246,Si Si,-34.90289692489532,-56.17819525305658,18 de Julio 1427,Lingerie Store
Cordón,-34.9008267,-56.1801246,Uni-bar,-34.90287201784862,-56.175761098092416,Eduardo Acevedo 1450 (Guayabos),Bar
Cordón,-34.9008267,-56.1801246,Bus D8,-34.903072297727654,-56.18314480029952,Ciudad Vieja - Ruta 8 Km. 21,Bus Line
Cordón,-34.9008267,-56.1801246,Harley Rock Bar,-34.89673759041631,-56.18067026138306,Fernández Crespo (La Paz),Bar
Cordón,-34.9008267,-56.1801246,Olympic Belgrano,-34.89906805525072,-56.18476017370374,Galicia 1483,Soccer Field
Punta Carretas,-34.9202023,-56.1600649,Pellegrin Boutique Gourmet,-34.918407499352874,-56.159667434809094,Gregorio Suarez 2734 (Coronal Mora),Deli / Bodega
Punta Carretas,-34.9202023,-56.1600649,Francis,-34.91947916451085,-56.160065439044146,Luis de la Torre 502 (Jose Maria Montero),Mediterranean Restaurant
Punta Carretas,-34.9202023,-56.1600649,La Pulpería,-34.92103586675878,-56.16019275975114,Lagunillas 448 (Joaquín Núñez),BBQ Joint
Punta Carretas,-34.9202023,-56.1600649,Philomène,-34.92227147019593,-56.160299168885714,Solano García 2455 (Miñones),Café
Punta Carretas,-34.9202023,-56.1600649,Regency Golf,-34.922393920154434,-56.159791885275126,Solano García 2473 (José Ellauri),Hotel
Punta Carretas,-34.9202023,-56.1600649,Pizza Don Ciccio,-34.918343612107456,-56.16153233828956,Bonpland 507 (Montero),Pizza Place
Punta Carretas,-34.9202023,-56.1600649,Caro Criado,-34.92250366666372,-56.15927735992461,Montevideo Montevideo,Boutique
Punta Carretas,-34.9202023,-56.1600649,Chivipizza,-34.92165810288746,-56.1593535127875,Joaquin Nuñez 2855 (Miñiones),Pizza Place
Punta Carretas,-34.9202023,-56.1600649,Adolfo Café,-34.9173756267975,-56.15964041629507,Williman 597,Café
Punta Carretas,-34.9202023,-56.1600649,Empanadas San Juan,-34.91808717010024,-56.160580226368815,Williman (Montero),Tapas Restaurant
Punta Carretas,-34.9202023,-56.1600649,Maria F Shoes,-34.922021,-56.158285,Ellauri 462 (Joaquin Nuñez),Shoe Store
Punta Carretas,-34.9202023,-56.1600649,Cayetana,-34.91947558064138,-56.16348584811459,Maggiolo 499 (Nardone),Dessert Shop
Punta Carretas,-34.9202023,-56.1600649,Instinto Crossfit,-34.91732160267428,-56.15752152240681,21 De Setiembre 2745 (Luis De La Torre),Gym / Fitness Center
Punta Carretas,-34.9202023,-56.1600649,Black & Liberty HQ,-34.921429109438016,-56.157810975692485,jose ellauri 495 (Montero),Boutique
Punta Carretas,-34.9202023,-56.1600649,Punta Carretas Shopping,-34.9239209698671,-56.15874858672431,José Ellauri 350 (e/ García Cortinas y Solano García),Shopping Mall
Punta Carretas,-34.9202023,-56.1600649,Casa Dulce,-34.92025619460942,-56.159267236134305,Coronel Mora (Montero),Tea Room
Punta Carretas,-34.9202023,-56.1600649,La Dulcería,-34.922689,-56.159275,Solano Garcia (Ellauri),Coffee Shop
Punta Carretas,-34.9202023,-56.1600649,Sabores de Laura,-34.92007619486115,-56.16096339075081,Montevideo Montevideo,Restaurant
Punta Carretas,-34.9202023,-56.1600649,Puntasur,-34.91837525612663,-56.16116711227499,Jose Maria Montero (Williman),Steakhouse
Punta Carretas,-34.9202023,-56.1600649,Boca Negra,-34.924097704455924,-56.16026775945929,Montevideo Montevideo,Wine Bar
Punta Carretas,-34.9202023,-56.1600649,Hotel Vivaldi,-34.92047691866792,-56.156739602037874,Montevideo Montevideo,Hotel
Punta Carretas,-34.9202023,-56.1600649,Pecha kucha,-34.92373032405769,-56.15877039174502,Punta Carretas Shoping,Public Art
Punta Carretas,-34.9202023,-56.1600649,La Cigale,-34.91908120396728,-56.15757689243821,Coronel Mora 597 (Ros),Ice Cream Shop
Punta Carretas,-34.9202023,-56.1600649,Club de Golf del Uruguay,-34.92207054974802,-56.16483475256267,Blvr. Artigas 379 (Av. Julio Maria Sosa),Golf Course
Punta Carretas,-34.9202023,-56.1600649,Uruguay Natural,-34.923262910127264,-56.16048082667053,Hector Miranda 2432 (Ellauri),Restaurant
Punta Carretas,-34.9202023,-56.1600649,Magnum,-34.923909,-56.160229,Ellauri 307 (Garcia Cortinas),Sushi Restaurant
Punta Carretas,-34.9202023,-56.1600649,Las Delicias,-34.91871870603232,-56.15628170215702,21 de Setiembre 2837 (Ellauri),Ice Cream Shop
Punta Carretas,-34.9202023,-56.1600649,Beauty Planet,-34.92148231317969,-56.15616267642316,Blanca Del Tabaré 2990 (Ellauri),Gym
Punta Carretas,-34.9202023,-56.1600649,Vasca,-34.921477,-56.159446,Miñones 455 (Joaquín Núñez),Modern European Restaurant
Punta Carretas,-34.9202023,-56.1600649,Starbucks,-34.92380800495435,-56.15934081467183,Punta Carretas Shopping,Coffee Shop
Punta Carretas,-34.9202023,-56.1600649,Dakota Steakhouse & Bar,-34.91800134002585,-56.15729009768984,21 De Setiembre 2752 (Luis de la Torre),Steakhouse
Punta Carretas,-34.9202023,-56.1600649,Mercado Verde,-34.916333563614685,-56.1582034628757,Jaime Zudañez 2511 (21 De Setiembre),Shop & Service
Punta Carretas,-34.9202023,-56.1600649,La Parrilla De Williman,-34.917175,-56.15928,Williman,BBQ Joint
Punta Carretas,-34.9202023,-56.1600649,Bar Lobo,-34.92035940354519,-56.15937741645401,Coronel Mora 495 (Moreno),Bar
Punta Carretas,-34.9202023,-56.1600649,Via Aqua Spa,-34.9241131980795,-56.15757028864705,Victor Soliño 375,Gym
Punta Carretas,-34.9202023,-56.1600649,Terracota,-34.91902954876428,-56.15750636239603,Coronel Mora 603 (21 de Setiembre),Steakhouse
Punta Carretas,-34.9202023,-56.1600649,Prüne,-34.92384784229014,-56.158857611879256,José Ellauri 350 (Punta Carretas Shopping),Women's Store
Punta Carretas,-34.9202023,-56.1600649,Subway Punta Carretas Shopping,-34.92395683201556,-56.158383353390846,Ellauri (Solano García),Sandwich Place
Punta Carretas,-34.9202023,-56.1600649,Mercado Williman,-34.917005,-56.158947,Williman 626 (21 De Septiembre),Night Market
Punta Carretas,-34.9202023,-56.1600649,Dazzler Montevideo,-34.91780559810023,-56.15709738349962,21 De Setiembre (Luis De La Torre),Hotel
Punta Carretas,-34.9202023,-56.1600649,La Italiana,-34.91639135885602,-56.15853354058241,Montevideo Montevideo,Deli / Bodega
Punta Carretas,-34.9202023,-56.1600649,Sacramento,-34.917366069507146,-56.15951950637693,Willimann (Francisco Ros),South American Restaurant
Punta Carretas,-34.9202023,-56.1600649,Camelia,-34.91772649539618,-56.157381263801646,21 de Setiembre 2752,Deli / Bodega
Punta Carretas,-34.9202023,-56.1600649,Bulebar,-34.916569855309355,-56.158559096088744,Williman 647 (21 de setiembre),Burger Joint
Punta Carretas,-34.9202023,-56.1600649,Magma Punta Carretas,-34.924481435506465,-56.158648890615794,Ellauri 350,Women's Store
Punta Carretas,-34.9202023,-56.1600649,Perfil Gym,-34.91924513349354,-56.15479801532604,21 de Setiembre 2884 (José Ellauri),Gym / Fitness Center
Punta Carretas,-34.9202023,-56.1600649,Panaderia Biarritz,-34.918174420442284,-56.15684168136503,21 de setiembre,Bakery
Punta Carretas,-34.9202023,-56.1600649,Punta Sur,-34.91836201861687,-56.16120051186104,Williman 504 (Montero),BBQ Joint
Punta Carretas,-34.9202023,-56.1600649,La Lupita,-34.91862226982369,-56.159012086068536,Luis de la Torre 565 (Gregorio Suarez),Mexican Restaurant
Punta Carretas,-34.9202023,-56.1600649,Movie,-34.92400245070451,-56.15843236872175,Ellauri 350,Multiplex
Punta Carretas,-34.9202023,-56.1600649,Confiteria Carrera Punta Carretas Shopping,-34.92361436012742,-56.158568695499376,Montevideo Montevideo,Breakfast Spot
Punta Carretas,-34.9202023,-56.1600649,Disco,-34.924196110190195,-56.15862360205598,José Ellauri 350 (Punta Carretas Shopping),Supermarket
Punta Carretas,-34.9202023,-56.1600649,Da Pentella,-34.91833508176108,-56.158442635602675,Luis de la Torre 598 (Francisco Ross),Mediterranean Restaurant
Punta Carretas,-34.9202023,-56.1600649,Yenny,-34.92420295029199,-56.158663547213315,Jose Ellauri (at Solano Garcia),Bookstore
Punta Carretas,-34.9202023,-56.1600649,Sa Cuina,-34.922864325049126,-56.161023491348374,Dr. Héctor Miranda 2410 (Bvar. Artigas),Italian Restaurant
Punta Carretas,-34.9202023,-56.1600649,iCenter Punta Carretas Shopping,-34.92420691277087,-56.15850820119171,"Punta Carretas Shopping, Local 127, Ellauri 350 (entre Fransisco Solano Garcia y F. Garcia Cortinas)",Electronics Store
Punta Carretas,-34.9202023,-56.1600649,La Criolla,-34.91875901986212,-56.159365147283026,Gregorio Suarez (Luiz de la Torre),Steakhouse
Punta Carretas,-34.9202023,-56.1600649,Zudañez,-34.916228,-56.158401,Montevideo Montevideo,BBQ Joint
Punta Carretas,-34.9202023,-56.1600649,Brooksfield,-34.92288597606552,-56.15866681794236,Ellauri 350 L246,Men's Store
Punta Carretas,-34.9202023,-56.1600649,Renner,-34.923794,-56.157654,11300 Montevideo Montevideo,Clothing Store
Punta Carretas,-34.9202023,-56.1600649,LIFE Cinemas 21,-34.91883551180784,-56.156409401524776,21 de Setiembre 2838 (Ellauri),Multiplex
Punta Carretas,-34.9202023,-56.1600649,Farmashop,-34.918601746459025,-56.15607976913452,21 de Setiembre 2867 (José Ellauri),Pharmacy
Punta Carretas,-34.9202023,-56.1600649,GAP,-34.92420841599283,-56.15838182028591,Ellauri 350 (Punta Carretas Shopping),Clothing Store
Punta Carretas,-34.9202023,-56.1600649,Mil Salsas,-34.92388183566467,-56.15830628274857,Punta Carretas Shopping,Fast Food Restaurant
Punta Carretas,-34.9202023,-56.1600649,Oro del Rhin,-34.92421359563303,-56.158341587294245,José Ellauri 350 (Punta Carretas Shopping),Café
Punta Carretas,-34.9202023,-56.1600649,Feria de Villa Biarritz,-34.920362904396626,-56.15477470747434,Parque Juan Zorrilla de San Martín,Flea Market
Punta Carretas,-34.9202023,-56.1600649,Bossa Resto Bar,-34.916874,-56.16174,Montevideo Montevideo,Restaurant
Punta Carretas,-34.9202023,-56.1600649,Teatro La Candela,-34.92383372900778,-56.15981218639007,José Ellauri (F. García Cortinas),Theater
Punta Carretas,-34.9202023,-56.1600649,McCafé,-34.91890157363781,-56.155805650878676,21 de setiembre 2852 (José Ellauri),Coffee Shop
Punta Carretas,-34.9202023,-56.1600649,Mosca,-34.92382945545901,-56.1583842169748,Ellauri 350 (Punta Carretas Shopping),Bookstore
Punta Carretas,-34.9202023,-56.1600649,Café Martínez,-34.921466,-56.157575,Ellauri 499 (Montero),Coffee Shop
Punta Carretas,-34.9202023,-56.1600649,La Pasiva,-34.923857819415154,-56.15868322696831,José Ellauri 350,Restaurant
Punta Carretas,-34.9202023,-56.1600649,Leyenda,-34.921593,-56.155473,Leyenda Patria 2960 (Hidalgo),Steakhouse
Punta Carretas,-34.9202023,-56.1600649,Copiplan,-34.91607172400093,-56.158752985982275,21 de Setiembre 2699 (Franzini),Paper / Office Supplies Store
Punta Carretas,-34.9202023,-56.1600649,Kosiuko,-34.92391767245376,-56.15845860706895,Punta carretas shopping,Boutique
Punta Carretas,-34.9202023,-56.1600649,La Taberna del Diablo,-34.91612087554524,-56.15853667259216,Luis Franzini 812 (21 de Setiembre),Restaurant
Punta Carretas,-34.9202023,-56.1600649,Devoto,-34.91919767544556,-56.1575445382668,Coronel Mora 596 (Francisco Ros),Supermarket
Punta Carretas,-34.9202023,-56.1600649,El Fogón,-34.923974033936325,-56.158370145233,Punta Carretas Shopping,Steakhouse
Punta Carretas,-34.9202023,-56.1600649,Zooko,-34.92417020698519,-56.158394255857544,José Ellauri 350 (Punta Carretas Shopping),Clothing Store
Punta Carretas,-34.9202023,-56.1600649,La Cigale,-34.92386784938355,-56.158353553344185,José Ellauri 350 (Nivel 3) (Punta Carretas Shopping),Ice Cream Shop
Punta Carretas,-34.9202023,-56.1600649,McDonald's,-34.918870732948655,-56.155915180811824,21 de Setiembre 2852 (José Ellauri),Fast Food Restaurant
Punta Carretas,-34.9202023,-56.1600649,Milamores,-34.91622128921319,-56.15825633770546,Zudañez 2511 (21 De Setiembre),Restaurant
Punta Carretas,-34.9202023,-56.1600649,Levi's Store,-34.92392202532335,-56.158754297605064,Punta Carretas Shopping (Ellauri 350),Clothing Store
Punta Carretas,-34.9202023,-56.1600649,Federici,-34.923914354459086,-56.15832601452435,Ellauri 350 Local F5,Restaurant
Punta Carretas,-34.9202023,-56.1600649,Confiteria Carrera,-34.923621013780526,-56.158623961683794,Ellauri 350 (Solano García),Pizza Place
Punta Carretas,-34.9202023,-56.1600649,Bonafide,-34.924471399750544,-56.15877450530387,Punta Carretas Shopping,Café
Punta Carretas,-34.9202023,-56.1600649,Chez Piñeiro,-34.918813810369464,-56.156075627477165,21 de Setiembre 2847 (Ellauri),Pizza Place
Punta Carretas,-34.9202023,-56.1600649,Pasta y Pasta,-34.9168686636799,-56.15885853767394,Williman 637 (21 de Setiembre),Italian Restaurant
Centro,-34.9060667,-56.1896562,Ashot Shawarma,-34.90731405807303,-56.190218925476074,Zelmar Michelini 1295,Kebab Restaurant
Centro,-34.9060667,-56.1896562,La Cibeles,-34.9067255646116,-56.18910553916272,San Jose (Carlos Quijano),Latin American Restaurant
Centro,-34.9060667,-56.1896562,Renner,-34.90537038532569,-56.187976050634994,Montevideo Montevideo,Clothing Store
Centro,-34.9060667,-56.1896562,Pacharán,-34.90680952841421,-56.19077474530315,San José 1168,Spanish Restaurant
Centro,-34.9060667,-56.1896562,Kinko Centro,-34.906888240154835,-56.19015487180266,San José (Zelmar Michelini),Convenience Store
Centro,-34.9060667,-56.1896562,Plaza de Cagancha,-34.90593632457969,-56.19130374626683,Av. 18 de Julio (e/ Pasaje de los Derechos Humanos y Plaza Cagancha),Plaza
Centro,-34.9060667,-56.1896562,Fuente de los Candados,-34.905726910420135,-56.18912144648063,Av. 18 de Julio (Yi),Fountain
Centro,-34.9060667,-56.1896562,Cinemateca 18,-34.90572712425654,-56.18844087649469,Av. 18 de Julio 1280 (e/ Aquiles Lanza y Carlos Quijano),Indie Movie Theater
Centro,-34.9060667,-56.1896562,El Lobizón,-34.90751920862668,-56.19005625262528,Zelmar Michelini 1264 (Soriano),Gastropub
Centro,-34.9060667,-56.1896562,Brecha Bar & Café,-34.90839221564272,-56.187648286569384,Dr. Aquiles Lanza 1201 (Canelones),Bar
Centro,-34.9060667,-56.1896562,Teatro Circular,-34.905323,-56.191395,Rondeau 1388 (Colonia),Theater
Centro,-34.9060667,-56.1896562,Mesón Viejo Sancho,-34.90674249826551,-56.18947172667435,Calle San José 1229,Restaurant
Centro,-34.9060667,-56.1896562,El Fogón,-34.90701090771083,-56.19292100781215,San José 1080 (Río Negro),BBQ Joint
Centro,-34.9060667,-56.1896562,Iberpark,-34.9076215471775,-56.18903982908874,Soriano 1249 (Carlos Quijano),Convenience Store
Centro,-34.9060667,-56.1896562,Ruffino,-34.90682180713175,-56.19082058680638,San José 1166 (e/ Zelmar Michelini y Gutiérrez Ruiz),Italian Restaurant
Centro,-34.9060667,-56.1896562,Confitería Montes,-34.9069935266431,-56.192973256293236,San José 1073,Bakery
Centro,-34.9060667,-56.1896562,La Biennale,-34.905625243182484,-56.190904700648424,Plaza Cagancha 1364 (Av. 18 de Julio),Pizza Place
Centro,-34.9060667,-56.1896562,Av SanFyS,-34.90590361595208,-56.18792284282904,18 de Julio 1296 (Yaguarón),Shopping Mall
Centro,-34.9060667,-56.1896562,Sala Zitarrosa,-34.9061600595749,-56.194520321473895,Av. 18 de Julio 1012 (e/ Río Negro y Julio Herrera y Obes),Music Venue
Centro,-34.9060667,-56.1896562,Viejo Sancho,-34.906757,-56.189344,San José 1229 (Yi),Restaurant
Centro,-34.9060667,-56.1896562,Plaza Fabini,-34.905646727034565,-56.19428515434265,Av. 18 de Julio (e/ Río Negro y Julio Herrera y Obes),Plaza
Centro,-34.9060667,-56.1896562,Feria del Libro,-34.90576079578094,-56.18635240054711,Av. 18 de Julio 1308 (e/ Aquiles Lanza y Ejido),Bookstore
Centro,-34.9060667,-56.1896562,Bosque Bambú,-34.907094389265396,-56.193234762363424,San Jose (btw Paraguay & Río Negro),Chinese Restaurant
Centro,-34.9060667,-56.1896562,Coruñesa Café,-34.90707888197495,-56.19463069662416,San José 1002 (Julio Herrera y Obes),Snack Place
Centro,-34.9060667,-56.1896562,Mirador Intendencia de Montevideo,-34.906647409716726,-56.18621062581587,18 de Julio (Ejido),Scenic Lookout
Centro,-34.9060667,-56.1896562,Mercado De Los Artesanos,-34.90558567466503,-56.19218003962807,Montevideo Montevideo,Arts & Crafts Store
Centro,-34.9060667,-56.1896562,Aerobic,-34.90526023651718,-56.18926054150956,Yi 1383 (Av. 18 de Julio),Gym / Fitness Center
Centro,-34.9060667,-56.1896562,La Cigale,-34.90585744309703,-56.190782280253416,18 de Julio 1179 (esq. Plaza Cagancha),Ice Cream Shop
Centro,-34.9060667,-56.1896562,Bar Andorra,-34.90848378492562,-56.18762500001637,Canelones (Aquiles Lanza),Bar
Centro,-34.9060667,-56.1896562,Bremen German Pub,-34.90938894716962,-56.18743780582859,Aquiles Lanza 1150 (Maldonado),Pub
Centro,-34.9060667,-56.1896562,La Coruñesa,-34.90709790337861,-56.19425120929787,San José 1014 (e/ Río Negro y Julio Herrera y Obes),Dessert Shop
Centro,-34.9060667,-56.1896562,La Glorieta,-34.906400343132944,-56.18456838273038,San José 1448 (Barrios Amorín),Bakery
Centro,-34.9060667,-56.1896562,Subway,-34.90475444428939,-56.188228792911225,Yaguarón 1395 (Colonia),Sandwich Place
Centro,-34.9060667,-56.1896562,Palacio del Café,-34.90305266201714,-56.19090840623076,Av. Uruguay 1188 (Cuareim),Coffee Shop
Centro,-34.9060667,-56.1896562,Centro Municipal de Exposiciones (Subte),-34.9059517856422,-56.194486612950406,18 de julio (Julio Herrera y Obes),Art Gallery
Centro,-34.9060667,-56.1896562,Continental Hotel Montevideo (Uruguay),-34.905640596979815,-56.19279456196486,Paraguay 1373,Hotel
Centro,-34.9060667,-56.1896562,Red Hostel,-34.90653325696673,-56.185196397518474,San Jose 1406 (Santiago de Chile),Hostel
Centro,-34.9060667,-56.1896562,Panadería Monte Cristo,-34.90507100079591,-56.192913833325896,Colonia,Bakery
Centro,-34.9060667,-56.1896562,La Torre,-34.90419813623229,-56.1881845857934,Yaguarón 1421 (Torre de los Profesionales),Deli / Bodega
Centro,-34.9060667,-56.1896562,El Viajero Downtown,-34.90773120952314,-56.192918515801296,Soriano 1073 (Paraguay),Hostel
Centro,-34.9060667,-56.1896562,El Gaucho,-34.90524373610124,-56.18509797993519,Av. 18 de Julio 1449 (Barrios Amorín),Pizza Place
Centro,-34.9060667,-56.1896562,San Roque,-34.9058082974225,-56.192852459290314,18 De Julio (Paraguay),Pharmacy
Centro,-34.9060667,-56.1896562,El Templo del Musculo,-34.90254025117449,-56.186830462354436,Avda Uruguay 1377 (Ejido),Gym
Centro,-34.9060667,-56.1896562,Club Juventus,-34.90511306264828,-56.193491594173096,Colonia (Rio Negro),Gym / Fitness Center
Centro,-34.9060667,-56.1896562,London Palace Hotel,-34.907365995255965,-56.19326229235073,Río Negro 1278 (San José),Hotel
Centro,-34.9060667,-56.1896562,Hotel Presidente,-34.90596899727532,-56.19397374703764,Avenida 18 de Julio 1038 (Rio Negro),Hotel
Centro,-34.9060667,-56.1896562,Bar Los Girasoles,-34.904699414394265,-56.18927419800662,Yi 1403 (Colonia),Bar
Centro,-34.9060667,-56.1896562,America Hotel Montevideo,-34.906451927243005,-56.19353363246741,Río Negro 1330 bis (Av. 18 de Julio),Hotel
Centro,-34.9060667,-56.1896562,Locos de Asar,-34.906995077374,-56.19325120258818,San José 1065,BBQ Joint
Centro,-34.9060667,-56.1896562,Hotel Casablanca,-34.906979798458714,-56.19373589167203,"San Jose, Montevideo",Hotel
Centro,-34.9060667,-56.1896562,Bar Hispano,-34.90701681076673,-56.19342474263468,San José 1050,Café
Centro,-34.9060667,-56.1896562,Grupocine Torre De Los Profesionales,-34.904634465922136,-56.18819350891055,Colonia 1297 (Yi),Movie Theater
Centro,-34.9060667,-56.1896562,Emporio de los Sandwiches,-34.90332212217572,-56.19152187329836,Av. Gral. Rondeau 1480 (Uruguay),Sandwich Place
Centro,-34.9060667,-56.1896562,Museo Pedagógico,-34.90512135394629,-56.19060574321052,Plaza Cagancha,Museum
Centro,-34.9060667,-56.1896562,Konestilo,-34.9048909914701,-56.19107252898834,Colonia 1165 (Rondeau),Deli / Bodega
Centro,-34.9060667,-56.1896562,Supermercado Frigo,-34.903176607014885,-56.19276394875431,"Paraguay, Montevideo",Convenience Store
Centro,-34.9060667,-56.1896562,Supermercado Naturaleza,-34.90459470896148,-56.19043863140538,Colonia 1407 (Cuareim),Supermarket
Centro,-34.9060667,-56.1896562,Punto Luz,-34.90803553119376,-56.19380235671997,Soriano 1040 (Río Negro),Electronics Store
Centro,-34.9060667,-56.1896562,Epa - Babá,-34.90613,-56.192681,Montevideo Montevideo,Food Truck
Centro,-34.9060667,-56.1896562,Ecopy,-34.90709769565351,-56.19413928189256,Montevideo Montevideo,Paper / Office Supplies Store
Centro,-34.9060667,-56.1896562,Club Brasileiro,-34.90622651506548,-56.19498979572725,Av 18 de julio 994 (Julio Herrera),Café
Centro,-34.9060667,-56.1896562,La Pasiva,-34.906246,-56.194107,Av. 18 de Julio 1022 (Río Negro),Restaurant
Centro,-34.9060667,-56.1896562,Hotel Richmond,-34.90716352200945,-56.19386131793858,1034 San Jose,Hotel
Aguada,-34.8966763,-56.1893663,Panadería y Confitería Torre Eiffel,-34.90018003287909,-56.1913221644931,Galicia 1188 (Avda. Libertador),Bakery
Aguada,-34.8966763,-56.1893663,Grido,-34.89337728818287,-56.18825002164984,Avenida Libertador,Ice Cream Shop
Aguada,-34.8966763,-56.1893663,Estación Central General Artigas,-34.899175,-56.193749,La Paz 1095 (e/ Paraguay y Río Negro),Train Station
Aguada,-34.8966763,-56.1893663,Las Carmelas,-34.89895267106001,-56.190894759464285,Av del Libertador (La Paz),Pizza Place
Aguada,-34.8966763,-56.1893663,Phonotheque,-34.89772851972084,-56.18513948387652,Piedra Alta (esq. Miguelete),Nightclub
Aguada,-34.8966763,-56.1893663,Leopoldo Gross,-34.893051745116914,-56.191377312677105,Venezuela 1211 (Cuareim),Food & Drink Shop
Aguada,-34.8966763,-56.1893663,Alto Palermo Aguada,-34.8963265941821,-56.18738755800904,Asuncion 1450 (Hermano Damasceno),BBQ Joint
Aguada,-34.8966763,-56.1893663,Alto Palermo,-34.896437888311276,-56.18738577464385,Montevideo Montevideo,Steakhouse
Tres Cruces,-34.892518,-56.1671127,Ennis Irish Pub,-34.892103825783,-56.16393130638272,General Urquiza 2551 (Presidente Batlle),Pub
Tres Cruces,-34.892518,-56.1671127,Congelados Glacial,-34.88918716559762,-56.16683006286621,Duvimioso Terra 2050 (Hocquart),Grocery Store
Tres Cruces,-34.892518,-56.1671127,Canton Chino,-34.89441992993598,-56.16664233977684,Montevideo Montevideo,Chinese Restaurant
Tres Cruces,-34.892518,-56.1671127,Indoor 3 Cruces,-34.89255937009292,-56.168753076627944,Cufré 1918 (entre Goes y Miguelete),Soccer Field
Tres Cruces,-34.892518,-56.1671127,Nnet,-34.895147985086965,-56.16554998536041,Eduardo Víctor Haedo 2362 (e/ Bvr. Artigas y Mario Cassioni),Electronics Store
Tres Cruces,-34.892518,-56.1671127,El Refugio,-34.895272439865764,-56.16623729467392,Mario Cassinoni (e/ Salvador Ferrer Serra y Eduardo Víctor Haedo),Latin American Restaurant
Tres Cruces,-34.892518,-56.1671127,La Flamma,-34.895663812425354,-56.16636334849871,Eduardo Victor Haedo 2346 (Dr. Mario Cassinoni),Latin American Restaurant
Tres Cruces,-34.892518,-56.1671127,Porto Vanila,-34.893749759297584,-56.165943127755476,Shopping Tres Cruces (Av. Italia),Café
Tres Cruces,-34.892518,-56.1671127,Subway,-34.89438144297331,-56.166589100371475,Montevideo Montevideo,Sandwich Place
Tres Cruces,-34.892518,-56.1671127,The Coffee Room,-34.89449566755658,-56.162624587748496,Hospital Británico,Café
Tres Cruces,-34.892518,-56.1671127,Plaza de la Bandera,-34.893569664501044,-56.16441607475281,Bvar. Artigas (Av. Italia),Plaza
Tres Cruces,-34.892518,-56.1671127,Subway,-34.893518137045426,-56.16337654198795,8 de Octubre 2452 (Avelino Miranda),Sandwich Place
Tres Cruces,-34.892518,-56.1671127,Plaza de Comidas,-34.8944519159512,-56.16652876240488,Shopping Tres Cruces,Food Court
Tres Cruces,-34.892518,-56.1671127,San Roque,-34.89392754507847,-56.16580823048649,Shopping Tres Cruces,Pharmacy
Tres Cruces,-34.892518,-56.1671127,Trattoria,-34.894421849894904,-56.16661392796122,Shopping Tres Cruces,BBQ Joint
Tres Cruces,-34.892518,-56.1671127,El Tartamudo,-34.891939866464064,-56.16244273970081,8 de Octubre 2543 (Presidente Berro),Music Venue
Tres Cruces,-34.892518,-56.1671127,La Cigale,-34.894308858141926,-56.16627216339111,Bvar. Artigas 1825 (Tres Cruces Shopping),Ice Cream Shop
Tres Cruces,-34.892518,-56.1671127,McCafé,-34.89385964027734,-56.16633767793699,Shopping Tres Cruces (Nivel Shopping),Coffee Shop
Tres Cruces,-34.892518,-56.1671127,La Pasiva,-34.89436331734366,-56.16594656039315,Bvar. Artigas 1825 (Shopping Tres Cruces),Restaurant
Tres Cruces,-34.892518,-56.1671127,Universitas Café Express,-34.893131256103516,-56.163116455078125,Montevideo Montevideo,Cafeteria
Tres Cruces,-34.892518,-56.1671127,Multiahorro No. 29,-34.89234426313718,-56.171352744960544,Miguelete (Juan Paullier),Convenience Store
Palermo,-34.9112877,-56.1806984,La Cocina de Pedro,-34.91255904690403,-56.18315321558815,Gonzalo Ramírez 1483 (e/ Barrios Amorín y Martínez Trueba),South American Restaurant
Palermo,-34.9112877,-56.1806984,La Greca Café,-34.91176597399569,-56.183427572250366,San Salvador 1471 (Martínez Trueba),Coffee Shop
Palermo,-34.9112877,-56.1806984,Mandarino,-34.90891681875506,-56.180547122880256,Maldonado 1606 (Lorenzo Carnelli),Deli / Bodega
Palermo,-34.9112877,-56.1806984,Maldonado Bar,-34.90868968910776,-56.178482083117025,Maldonado 1695,Restaurant
Palermo,-34.9112877,-56.1806984,Candy Bar Palermo,-34.910186888885114,-56.18501984512913,Durazno 1402 (Santiago De Chile),Bar
Palermo,-34.9112877,-56.1806984,Feria Calle Salto,-34.91079204688244,-56.181785659407254,Salto (Isla De Flores),Flea Market
Palermo,-34.9112877,-56.1806984,Rambla República Argentina,-34.915162,-56.182323,Rambla República Argentina (e/ Río Negro y Jackson),Scenic Lookout
Palermo,-34.9112877,-56.1806984,Dolce Vita Hostel,-34.90733606386004,-56.18249220150293,Soriano 1536 (Salto),Hostel
Palermo,-34.9112877,-56.1806984,Amorín,-34.910054,-56.184106,Javier Barrios Amorín (Durazno),Restaurant
Palermo,-34.9112877,-56.1806984,Urban Mood,-34.9090669762867,-56.18266496481111,Maldonado (Martínez Trueba),Gym / Fitness Center
Palermo,-34.9112877,-56.1806984,Buena Costumbre,-34.91085652663643,-56.175872560216106,Yaro 1030 (San salvador e isla de flores),Restaurant
Palermo,-34.9112877,-56.1806984,Grido,-34.91250500386806,-56.18309497833252,Gonzalo Ramírez 1485 (Martinez Trueba),Ice Cream Shop
Palermo,-34.9112877,-56.1806984,Perfil Gym Palermo,-34.9084399645273,-56.17658086191454,Yaro (Maldonado),Gym
Palermo,-34.9112877,-56.1806984,Bar Imperial,-34.90722253853128,-56.18222123772206,Soriano (esq. Salto),Bar
Palermo,-34.9112877,-56.1806984,Isla de Flores,-34.90941006463309,-56.1839585351952,Isla de Flores (e/ Carlos Quijano y Jackson),Other Great Outdoors
Palermo,-34.9112877,-56.1806984,ibis Montevideo,-34.91400917561041,-56.18245619350239,"Calle La Cumparsita 1473, Rambla República Argentina",Hotel
Palermo,-34.9112877,-56.1806984,Mediterráneo,-34.90868872733103,-56.17696588877701,Maldonado 1766 (Yaro),Italian Restaurant
Palermo,-34.9112877,-56.1806984,Teatro Astral,-34.9100730114259,-56.183429703737566,Durazno 1476,Theater
Palermo,-34.9112877,-56.1806984,Palermo Viejo,-34.91264693201288,-56.18385807641028,Gonzalo Ramírez (esq. Barrios Amorín),Restaurant
Palermo,-34.9112877,-56.1806984,Club Atlético Atenas,-34.913839462923626,-56.184293015935474,cebollatí (Santiago de chile),Basketball Stadium
Palermo,-34.9112877,-56.1806984,Recoleta,-34.912308063196896,-56.18480901776765,Gonzalo Ramirez (Santiando de Chile),Restaurant
Palermo,-34.9112877,-56.1806984,Katy's,-34.911615748742726,-56.17930209664119,San Salvador (Minas),Coffee Shop
Palermo,-34.9112877,-56.1806984,El horno de Carlitos,-34.912438347349706,-56.179002211606466,Gonzalo Ramirez 1652 (Minas),Pizza Place
Palermo,-34.9112877,-56.1806984,pizzas branca,-34.91246981212024,-56.178245544433594,Gonzalo Ramirez 1700 (Magallanes),Pizza Place
Palermo,-34.9112877,-56.1806984,Box-Multimedia,-34.90877986462924,-56.18116140550237,Maldonado 1573 (Salto),Electronics Store
Palermo,-34.9112877,-56.1806984,Cancha Don Bosco,-34.913641,-56.17929,Montevideo Montevideo,Stadium
Palermo,-34.9112877,-56.1806984,Plaza Juan Angel Silva,-34.913604,-56.179133,Cebollatí y Minas,Basketball Court
Palermo,-34.9112877,-56.1806984,Ibis Montevideo,-34.91433304621035,-56.18245367438042,La Cumparsita 1473,Hotel
Palermo,-34.9112877,-56.1806984,Copiplan,-34.90734,-56.182714,Soriano 1518 (Salto),Paper / Office Supplies Store
Palermo,-34.9112877,-56.1806984,La Posada del Pan,-34.913314409904295,-56.18335247039795,Gonzalo Ramírez (e/ Barrios Amorín y Martínez Trueba),Bakery
Palermo,-34.9112877,-56.1806984,Palermo Art Hostel,-34.911071323836104,-56.17685782918138,Gaboto 1010 (San Salvador),Hostel
Palermo,-34.9112877,-56.1806984,La Buena Mesa Restaurant,-34.91417283694859,-56.18226828448999,Rambla Rep. Argentina (La cumparsita),Restaurant
Palermo,-34.9112877,-56.1806984,Palermo Boxing Club,-34.91239495656803,-56.184608671279236,Montevideo Montevideo,Gym / Fitness Center
Parque Rodó,-34.9100822,-56.1697776,Pancho Va!,-34.90871806224886,-56.16974851459912,Br España 2140 Bis,Hot Dog Joint
Parque Rodó,-34.9100822,-56.1697776,Medio Mundo Hostel,-34.910468,-56.166963,Juan Paullier 1004,Hostel
Parque Rodó,-34.9100822,-56.1697776,Club Del Pan,-34.912649,-56.170332,Pablo de Maria 899 (Dr Lauro Muller),Bakery
Parque Rodó,-34.9100822,-56.1697776,El Mingus,-34.91115588502369,-56.17264677579298,San Salvador 1952 (Jackson),Bar
Parque Rodó,-34.9100822,-56.1697776,Bar Las Flores,-34.907950971969974,-56.17201661346975,Bv. España 2051 (Blanes),Pizza Place
Parque Rodó,-34.9100822,-56.1697776,Culto,-34.907161,-56.168398,2154 Canelones (esq. Dr. Joaquín Requena),Coffee Shop
Parque Rodó,-34.9100822,-56.1697776,Escarmuza Librería y Café,-34.90650320148671,-56.171223838037584,Pablo de María 1185 (Canelones),Bookstore
Parque Rodó,-34.9100822,-56.1697776,Club One,-34.909995924944525,-56.172624740829235,Jackson 1072 (Isla de Flores),Gym
Parque Rodó,-34.9100822,-56.1697776,Mision,-34.910367,-56.170625,Pablo De Maria 1015 (San Salvador),Bistro
Parque Rodó,-34.9100822,-56.1697776,ThePutaMadre Bar,-34.90745804338648,-56.1729133353255,Canelones (Jackson),Bar
Parque Rodó,-34.9100822,-56.1697776,Agosto,-34.90827324573211,-56.173091948143416,Montevideo Montevideo,Coffee Shop
Parque Rodó,-34.9100822,-56.1697776,Living,-34.909287984741745,-56.16724162354929,Juan Paulier 1050 (Hugo Prato),Pub
Parque Rodó,-34.9100822,-56.1697776,Pastas Blanes,-34.91109367400867,-56.17157477310455,Juan Manuel Blanes 1000 (San Salvador),Italian Restaurant
Parque Rodó,-34.9100822,-56.1697776,Su Bar,-34.90822442010444,-56.173071171261,Jackson 1151 (Maldonado),Diner
Parque Rodó,-34.9100822,-56.1697776,Voglio,-34.906659,-56.167592,Paullier 1161,Restaurant
Parque Rodó,-34.9100822,-56.1697776,POTTS - Restaurante y Tienda de Café,-34.9103,-56.17407,Eduardo Acevedo 1047 (Isla de Flores),Restaurant
Parque Rodó,-34.9100822,-56.1697776,La Mayor,-34.91194113157405,-56.17038209763105,Pablo De Maria (Gonzalo Ramírez),Music Venue
Parque Rodó,-34.9100822,-56.1697776,Escuela De Comedia Musical - Luis Trochón,-34.90726197803036,-56.16873128902497,Montevideo Montevideo,Theater
Parque Rodó,-34.9100822,-56.1697776,Foto Galería a Cielo Abierto,-34.91294625258187,-56.16967899717132,Pablo de María (Rambla Wilson),Art Gallery
Parque Rodó,-34.9100822,-56.1697776,Bar Lola,-34.908305990083925,-56.172109501869286,Maldonado 1990 (Juan M. Blanes),Bar
Parque Rodó,-34.9100822,-56.1697776,Demodé,-34.909872,-56.165793,Blvar España 2299 (Acevedo Díaz),Pub
Parque Rodó,-34.9100822,-56.1697776,Glasgow,-34.907571671691834,-56.17311238038112,constituyente  2012 (Jackson),Bar
Parque Rodó,-34.9100822,-56.1697776,te acordas,-34.90605,-56.171048,Pablo de María 1203,Bar
Parque Rodó,-34.9100822,-56.1697776,NOX,-34.90727921445784,-56.17012605388217,"Canelones, Esq Pablo de María",Nightclub
Parque Rodó,-34.9100822,-56.1697776,Kfe,-34.908951147551015,-56.16475664463409,Hugo Prato (Casinoni),Pub
Parque Rodó,-34.9100822,-56.1697776,Baker's bar,-34.906223,-56.170783,Pablo De Maria 1198 (Charrua),Gastropub
Parque Rodó,-34.9100822,-56.1697776,Blanes,-34.91109141753167,-56.171606711647186,Juan Manuel Blanes 997 (San Salvador),Restaurant
Parque Rodó,-34.9100822,-56.1697776,Kalima,-34.90971514032499,-56.17281382233583,Durazno 1952 (Jackson),Cocktail Bar
Parque Rodó,-34.9100822,-56.1697776,Bar Rodó,-34.91133410447472,-56.16699406318976,Juan Paullier 955 (Gonzalo Ramírez),Bar
Parque Rodó,-34.9100822,-56.1697776,Cerveceria Malafama,-34.908437,-56.172618,Maldonado 1970,Brewery
Parque Rodó,-34.9100822,-56.1697776,Venecia,-34.909208,-56.165886,Hugo Prato (Acevedo Diaz),Pizza Place
Parque Rodó,-34.9100822,-56.1697776,Feria del Parque Rodó,-34.91217537502279,-56.165868198877675,Av. Julio Herrera y Reissig,Flea Market
Parque Rodó,-34.9100822,-56.1697776,La Cocina Del Parque,-34.911628015790754,-56.16899842874429,Montevideo Montevideo,Food
Parque Rodó,-34.9100822,-56.1697776,Piera (Resto Bar),-34.9136335489965,-56.17237409131289,Luis Piera (Juan D Jackson),Bar
Parque Rodó,-34.9100822,-56.1697776,food&love,-34.908227,-56.171313,Br España 2073 (Blanes),Burger Joint
Parque Rodó,-34.9100822,-56.1697776,Brickell Irish Pub,-34.90786831389572,-56.17198184588744,Juan Manuel Blanes 1175 (Constituyente),Irish Pub
Parque Rodó,-34.9100822,-56.1697776,K Fe,-34.90899124164818,-56.16477182664618,Montevideo Montevideo,Bar
Parque Rodó,-34.9100822,-56.1697776,Confitería Esmeralda,-34.90732449693192,-56.17321862936632,Canelones 1949 (esq. Jackson),Bakery
Parque Rodó,-34.9100822,-56.1697776,Los Tíos,-34.913168755316555,-56.17341856750408,Emilio Frugoni (Lauro Muller),Bakery
Parque Rodó,-34.9100822,-56.1697776,El Alemán,-34.907252376817,-56.166043334079276,Acevedo Díaz (Canelones),BBQ Joint
Parque Rodó,-34.9100822,-56.1697776,Doña Marta,-34.90736904386671,-56.172848854924986,Canelones 1961,Nightclub
Parque Rodó,-34.9100822,-56.1697776,Opíparus,-34.9077710265862,-56.165137677483905,Maldonado 2297 (Casinoni),Restaurant
Parque Rodó,-34.9100822,-56.1697776,Feller's,-34.909256,-56.16778,Bulevar España 2169,American Restaurant
Parque Rodó,-34.9100822,-56.1697776,Farmashop 50,-34.90916061401367,-56.168861389160156,Br. España 2188 (Salterain),Pharmacy
Parque Rodó,-34.9100822,-56.1697776,Nuevo Bar Rodó,-34.90971460828778,-56.167196174750316,Bv. España 2246 (Juan Paullier),Bar
Parque Rodó,-34.9100822,-56.1697776,La Carola,-34.911186469430895,-56.16646890715741,Gonzalo Ramirez (Juan Paullier),Tapas Restaurant
Parque Rodó,-34.9100822,-56.1697776,Panther Gym,-34.91311251281061,-56.173448190426726,Eduardo Acevedo 927 (Gonzalo Ramirez),Gym
Parque Rodó,-34.9100822,-56.1697776,Marbella Bar,-34.91171170380423,-56.16909019406304,Gonzalo Ramírez 2105 (Joaquin de Salterain),Pizza Place
Parque Rodó,-34.9100822,-56.1697776,Kinko Parque Rodó,-34.91255779146151,-56.17154002189636,Juan Manuel Blanes 901 (Müller),Convenience Store
Parque Rodó,-34.9100822,-56.1697776,Mala Junta,-34.909047586924665,-56.16895934943603,Blvar España (Durazno),Brewery
Parque Rodó,-34.9100822,-56.1697776,Charleston,-34.90843329353145,-56.171200089186094,Bvar. España 2088 (J. M. Blanes),Lounge
Parque Rodó,-34.9100822,-56.1697776,Bar Rodó #3,-34.91181294620335,-56.17159841275227,Montevideo Montevideo,BBQ Joint
Parque Rodó,-34.9100822,-56.1697776,La Taberna del Diablo,-34.91161229125144,-56.17030084277075,Gonzalo Ramírez 2051 (esq. Pablo de María),Empanada Restaurant
Parque Rodó,-34.9100822,-56.1697776,Después te explico,-34.90761677943636,-56.17194815034129,Juan Manuel Blanes 1188 (Constituyente),Pub
Parque Rodó,-34.9100822,-56.1697776,Barbacana Museum Pub,-34.90767939119508,-56.16820582822076,joaquín requena,Pub
Parque Rodó,-34.9100822,-56.1697776,Goas,-34.91190674210335,-56.17100358009338,Montevideo Montevideo,Supermarket
Parque Rodó,-34.9100822,-56.1697776,Lago del Parque Rodo,-34.91198431233588,-56.16701850916919,Dr. Antonio María Rodriguez (Parque Rodó),Lake
Parque Rodó,-34.9100822,-56.1697776,Casino Parque Hotel,-34.91370639674455,-56.17031141949244,Montevideo Montevideo,Casino
Parque Rodó,-34.9100822,-56.1697776,LAYER (impresiones),-34.90697706828064,-56.166631436338974,Canelones (Acevedo Diaz),Paper / Office Supplies Store
Parque Rodó,-34.9100822,-56.1697776,American Box,-34.912548368778566,-56.165721003804975,Julio Herrera Y Reissig,Gym
Barrio Sur,-34.9112017,-56.1947844,Parada Sur,-34.91161999311956,-56.19188155684089,Paraguay (Carlos Gardel),Steakhouse
Barrio Sur,-34.9112017,-56.1947844,Smart Hotel Montevideo,-34.90840580965659,-56.19781916370278,Andes 1240 (Soriano),Hotel
Barrio Sur,-34.9112017,-56.1947844,Tundra Bar,-34.911058,-56.19639,Durazno 902 (Convención),Bar
Barrio Sur,-34.9112017,-56.1947844,Bar 36,-34.910010911454336,-56.196539143424985,Montevideo Montevideo,Bar
Barrio Sur,-34.9112017,-56.1947844,Bar Americano,-34.90836644786476,-56.197848073827295,Soriano 858 (Esquina Andes),American Restaurant
Barrio Sur,-34.9112017,-56.1947844,Fun Fun,-34.90831762032459,-56.1962236900505,Soriano 922 (Convención),Bar
Barrio Sur,-34.9112017,-56.1947844,Coruñesa Café,-34.90707888197495,-56.19463069662416,San José 1002 (Julio Herrera y Obes),Snack Place
Barrio Sur,-34.9112017,-56.1947844,Rambla República Helénica,-34.91232180299423,-56.19425340344002,Rambla República Helénica (e/ Convención y Río Negro),Scenic Lookout
Barrio Sur,-34.9112017,-56.1947844,El Fogón,-34.90701090771083,-56.19292100781215,San José 1080 (Río Negro),BBQ Joint
Barrio Sur,-34.9112017,-56.1947844,Tropical Smoothie Cafe,-34.907191,-56.195727,San Jose (Wilson Aldunate),Smoothie Shop
Barrio Sur,-34.9112017,-56.1947844,Confitería Montes,-34.9069935266431,-56.192973256293236,San José 1073,Bakery
Barrio Sur,-34.9112017,-56.1947844,Bosque Bambú,-34.907094389265396,-56.193234762363424,San Jose (btw Paraguay & Río Negro),Chinese Restaurant
Barrio Sur,-34.9112017,-56.1947844,Menini Nicola,-34.90693199415065,-56.19547210624296,San José 967/Of.5 (Wilson Ferreira Aldunate),Furniture / Home Store
Barrio Sur,-34.9112017,-56.1947844,La Coruñesa,-34.90709790337861,-56.19425120929787,San José 1014 (e/ Río Negro y Julio Herrera y Obes),Dessert Shop
Barrio Sur,-34.9112017,-56.1947844,Chains,-34.908332496610505,-56.19837604926783,Soriano 827,Gay Bar
Barrio Sur,-34.9112017,-56.1947844,Ramona,-34.90730693995076,-56.19688900848343,San José 900 (Convención),Coffee Shop
Barrio Sur,-34.9112017,-56.1947844,Hotel Iberia,-34.90949638580658,-56.192138915938195,Maldonado 1097 (Paraguay),Hotel
Barrio Sur,-34.9112017,-56.1947844,Sala Verdi,-34.908242888494165,-56.19641023326744,Soriano 914 (Convención),Concert Hall
Barrio Sur,-34.9112017,-56.1947844,El Viajero Downtown,-34.90773120952314,-56.192918515801296,Soriano 1073 (Paraguay),Hostel
Barrio Sur,-34.9112017,-56.1947844,Museo del Vino,-34.909548844461746,-56.19110941886902,"Maldonado, 1150",Wine Bar
Barrio Sur,-34.9112017,-56.1947844,Los Leños,-34.90724984246572,-56.196657056165265,San José 909 (Convención),Restaurant
Barrio Sur,-34.9112017,-56.1947844,Bluzz Bar,-34.909404,-56.199794,Canelones 760 (Ciudadela),Bar
Barrio Sur,-34.9112017,-56.1947844,La Sin Rival,-34.90811279256742,-56.19610647681887,Soriano 929,Food & Drink Shop
Barrio Sur,-34.9112017,-56.1947844,4 Tintas,-34.907234031504714,-56.19562226853971,San José 954 (Wilson Ferreira Aldunate),Paper / Office Supplies Store
Barrio Sur,-34.9112017,-56.1947844,London Palace Hotel,-34.907365995255965,-56.19326229235073,Río Negro 1278 (San José),Hotel
Barrio Sur,-34.9112017,-56.1947844,Esplendor Montevideo,-34.908227290989004,-56.19748236374363,Soriano 868 (Andes),Hotel
Barrio Sur,-34.9112017,-56.1947844,Ukelele Hostel,-34.90946626805575,-56.190292264406295,Maldonado 1183 (Zelmar Michelini),Hostel
Barrio Sur,-34.9112017,-56.1947844,Locos de Asar,-34.906995077374,-56.19325120258818,San José 1065,BBQ Joint
Barrio Sur,-34.9112017,-56.1947844,Hotel Casablanca,-34.906979798458714,-56.19373589167203,"San Jose, Montevideo",Hotel
Barrio Sur,-34.9112017,-56.1947844,Bar Hispano,-34.90701681076673,-56.19342474263468,San José 1050,Café
Barrio Sur,-34.9112017,-56.1947844,Punto Luz,-34.90803553119376,-56.19380235671997,Soriano 1040 (Río Negro),Electronics Store
Barrio Sur,-34.9112017,-56.1947844,La Oferta Irresistible,-34.90712489029114,-56.19587302207947,Wilson Ferreira Aldunate 1301 (San José),Electronics Store
Barrio Sur,-34.9112017,-56.1947844,Barra 7,-34.90926616446005,-56.19910210598568,Canelones (Florida),Vegetarian / Vegan Restaurant
Barrio Sur,-34.9112017,-56.1947844,Ecopy,-34.90709769565351,-56.19413928189256,Montevideo Montevideo,Paper / Office Supplies Store
Barrio Sur,-34.9112017,-56.1947844,La Bodeguita del Sur,-34.90841042531386,-56.19820646890473,Soriano 840 (E/ Andes & Florida),Salsa Club
Barrio Sur,-34.9112017,-56.1947844,LOi,-34.90710504891692,-56.19582848751137,Wilson Ferreira Aldunate 1301 (San Jose),Electronics Store
Barrio Sur,-34.9112017,-56.1947844,PCM,-34.90710708026049,-56.19281973973392,San Jose 1087 (Paraguay),Electronics Store
Ciudad Vieja,-34.9063505,-56.2059795,Estrecho,-34.90782423276405,-56.205743473235074,Sarandí 460 (e/ Misiones y Treinta y Tres),South American Restaurant
Ciudad Vieja,-34.9063505,-56.2059795,Plaza Matriz,-34.906615,-56.203541,Sarandí (Juan Carlos Gómez),Plaza
Ciudad Vieja,-34.9063505,-56.2059795,Café Brasilero,-34.905741,-56.204651,Ituzaingó 1447 (e/ 25 de Mayo y Rincón),Café
Ciudad Vieja,-34.9063505,-56.2059795,Plaza Zabala,-34.90756095820422,-56.20811688449313,Circunvalación Durango,Plaza
Ciudad Vieja,-34.9063505,-56.2059795,Sin Pretensiones,-34.90842404795427,-56.207494918292916,Sarandi 366 (Alzaibar),Comfort Food Restaurant
Ciudad Vieja,-34.9063505,-56.2059795,El Viajero Hostel,-34.90586213183427,-56.20441141356787,Ituzaingo 1436,Hostel
Ciudad Vieja,-34.9063505,-56.2059795,Che.co.ffe,-34.908427,-56.206793,Zabala 1341 (Sarandi),Coffee Shop
Ciudad Vieja,-34.9063505,-56.2059795,Jacinto,-34.908516,-56.207826,Sarandí 349 (Alzaibar),Restaurant
Ciudad Vieja,-34.9063505,-56.2059795,La Farmacia Café,-34.90479323140122,-56.205106757430194,Cerrito 550 (Ituzaingó),Coffee Shop
Ciudad Vieja,-34.9063505,-56.2059795,Hotel Alma Historica,-34.90721431011344,-56.208542814636,"Solis 1433, Plaza Zabala",Hotel
Ciudad Vieja,-34.9063505,-56.2059795,Camelia,-34.90684310918039,-56.20601477446205,Montevideo Montevideo,Health Food Store
Ciudad Vieja,-34.9063505,-56.2059795,Santé - Café & Cocina,-34.90488,-56.205471,Cerrito 521 (Treinta y Tres),Café
Ciudad Vieja,-34.9063505,-56.2059795,Tomate,-34.90584804348902,-56.20443104017139,Ituzaingo 1426 (Rincón),Salad Place
Ciudad Vieja,-34.9063505,-56.2059795,Centro Cultural de España,-34.90586214206671,-56.202737928774496,Rincon 629 (Bartolomé Mitre),Art Gallery
Ciudad Vieja,-34.9063505,-56.2059795,Peatonal Sarandí,-34.90678821036925,-56.20332330949277,Sarandí,Pedestrian Plaza
Ciudad Vieja,-34.9063505,-56.2059795,Museo Gurvich,-34.90742814604361,-56.20448306727684,Ituzaingó 1277,Art Museum
Ciudad Vieja,-34.9063505,-56.2059795,Palacio Taranco,-34.90693839388537,-56.20828862572362,25 de Mayo 376 (e/ Solís y 1o de Mayo),History Museum
Ciudad Vieja,-34.9063505,-56.2059795,Piwo Helados,-34.908592,-56.208042,Sarandí 340 (Alzaibar),Ice Cream Shop
Ciudad Vieja,-34.9063505,-56.2059795,Confitería 25 De Mayo,-34.904802,-56.202645,25 de Mayo 655 (Bartolome Mitre),Dessert Shop
Ciudad Vieja,-34.9063505,-56.2059795,El Bajo - Ciudad Vieja,-34.903706827118214,-56.20419047969604,Juan Carlos Gomez (Piedras),Public Art
Ciudad Vieja,-34.9063505,-56.2059795,Sámsara,-34.90880423407665,-56.20649719346929,Zabala 1316 (e/ Sarandí y Buenos Aires),Vegetarian / Vegan Restaurant
Ciudad Vieja,-34.9063505,-56.2059795,Úrbani Plaza Zabala,-34.90748569268829,-56.20792433524489,Circunvalación Durango 381 (Primero de Mayo),Latin American Restaurant
Ciudad Vieja,-34.9063505,-56.2059795,Toledo - Bar de Tapas,-34.905066,-56.206255,Cerrito 499 (Treinta y Tres),Tapas Restaurant
Ciudad Vieja,-34.9063505,-56.2059795,Tropical Smoothies,-34.90775043539093,-56.202281098418204,Buenos Aires 614 (Juan Carlos Gómez),Juice Bar
Ciudad Vieja,-34.9063505,-56.2059795,Mojana (CCE),-34.90591456223609,-56.202761562045275,Rincón 629 (Juan Carlos Gómez),Café
Ciudad Vieja,-34.9063505,-56.2059795,Rösti Restaurant Café,-34.90590359209622,-56.204555893463116,Sarandí 368 (e/ Zabala y Alzáibar),Swiss Restaurant
Ciudad Vieja,-34.9063505,-56.2059795,La Pasionaria,-34.90868578638685,-56.202241520404904,Reconquista 587 (esq Juan Carlos Gómez),Design Studio
Ciudad Vieja,-34.9063505,-56.2059795,la petite cuisine,-34.90859422858422,-56.20823800563812,Sarandí 331 (Alzaibar),Restaurant
Ciudad Vieja,-34.9063505,-56.2059795,The Lab Coffee Roasters,-34.9088912630134,-56.209134445557495,Sarandí 285,Coffee Shop
Ciudad Vieja,-34.9063505,-56.2059795,Teatro Tractatus,-34.90342571506678,-56.205766677705874,Rambla 25 de agosto 540 (Ituzaingó),Theater
Ciudad Vieja,-34.9063505,-56.2059795,Teatro Solís,-34.907373819893394,-56.201207155866335,Buenos Aires s/nº (e/ Liniers y Bartolomé Mitre),Opera House
Ciudad Vieja,-34.9063505,-56.2059795,Ventus,-34.907461321993814,-56.202521593297185,Juan Carlos Gómez 1315 (Buenos Aires),Restaurant
Ciudad Vieja,-34.9063505,-56.2059795,Museo Andes 1972,-34.905743,-56.202873,619 Rincon,History Museum
Ciudad Vieja,-34.9063505,-56.2059795,Primuseum,-34.908497176040605,-56.2102345533608,Perez Castellano 1389 (Washington),BBQ Joint
Ciudad Vieja,-34.9063505,-56.2059795,La Corte,-34.90684367717538,-56.20330519053222,Peatonal Sarandí 586 (e/ Ituzaingó y Juan Carlos Gómez),Restaurant
Ciudad Vieja,-34.9063505,-56.2059795,La Ibérica,-34.90531927669457,-56.20106908434599,Rincon 711 (Juncal),Furniture / Home Store
Ciudad Vieja,-34.9063505,-56.2059795,La Lupa,-34.907099594225734,-56.20133812012839,Bacacay 1318 bis (Buenos Aires),Bookstore
Ciudad Vieja,-34.9063505,-56.2059795,Lucca,-34.90839376059706,-56.20751065785048,Montevideo Montevideo,Bistro
Ciudad Vieja,-34.9063505,-56.2059795,Puerta de la Ciudadela,-34.906578606670564,-56.20095023290063,Juncal (Sarandí),Monument / Landmark
Ciudad Vieja,-34.9063505,-56.2059795,Es Mercat,-34.90564787827718,-56.21027882759006,Colón 1550 (e/ Piedras y Cerrito),Southern / Soul Food Restaurant
Ciudad Vieja,-34.9063505,-56.2059795,Rambla Francia,-34.91025476206607,-56.20744260367025,Rambla Francia (e/ Sarandí y Misiones),Scenic Lookout
Ciudad Vieja,-34.9063505,-56.2059795,Cabildo,-34.906568249772256,-56.20289555889695,Juan Carlos Gómez (esq. Sarandí),Government Building
Ciudad Vieja,-34.9063505,-56.2059795,Sometimes Sunday,-34.907997,-56.210255,Calle Pérez Castellano 1518,Breakfast Spot
Ciudad Vieja,-34.9063505,-56.2059795,Más Puro Verso,-34.90653464084258,-56.20143965101261,Sarandí 675 (Bacacay),Bookstore
Ciudad Vieja,-34.9063505,-56.2059795,Alvarez,-34.908224,-56.210231,Calle Perez Castellano 1404 (Washington),Pizza Place
Ciudad Vieja,-34.9063505,-56.2059795,Almendro,-34.906807,-56.202698,Sarandi 610 (Juan Carlos Gomez),Deli / Bodega
Ciudad Vieja,-34.9063505,-56.2059795,La fonda,-34.90786960391294,-56.210318189861475,Pérez Castellano 1442,Bistro
Ciudad Vieja,-34.9063505,-56.2059795,Sinestesia,-34.90562574272336,-56.2111689907368,Piedras 269 (Yacaré),Coffee Shop
Ciudad Vieja,-34.9063505,-56.2059795,Natural Food & Market,-34.906843,-56.20143,Bacacay 1339 (Peatonal sarandi),Food & Drink Shop
Ciudad Vieja,-34.9063505,-56.2059795,Fénix,-34.908601422440015,-56.20205391643147,Juan Carlos Gomez 1251 (Reconquista),Bar
Ciudad Vieja,-34.9063505,-56.2059795,La Nueva Citadelle,-34.9067088676202,-56.201200484617644,Sarandi 620. Galeria Ciudadela,Restaurant
Ciudad Vieja,-34.9063505,-56.2059795,Starbucks,-34.906657,-56.202074,Sarandi 640 (Bartolomé Mitre),Coffee Shop
Ciudad Vieja,-34.9063505,-56.2059795,Volverás a Mi Boutique de Chocolate,-34.90723925345805,-56.210714040579504,Pérez Castellano 1461 (25 de mayo),Chocolate Shop
Ciudad Vieja,-34.9063505,-56.2059795,Dueto,-34.90599125147255,-56.20210995304592,Bartolomé Mitre 1386 (Paseo Policía Vieja),Restaurant
Ciudad Vieja,-34.9063505,-56.2059795,Posada al Sur,-34.90789,-56.21024,Pérez Castellano 1424 (e/ Washington y 25 de Mayo),Bed & Breakfast
Ciudad Vieja,-34.9063505,-56.2059795,The Shannon Irish Pub,-34.907134410348164,-56.20162260387652,Bartolomé Mitre 1318 (Buenos Aires),Irish Pub
Ciudad Vieja,-34.9063505,-56.2059795,El 17,-34.90799638677694,-56.20346868949357,Buenos Aires 550 (Ituzaingó),Restaurant
Ciudad Vieja,-34.9063505,-56.2059795,PV Restaurant Lounge,-34.906684,-56.201397,Peatonal Sarandí 675,Café
Ciudad Vieja,-34.9063505,-56.2059795,Panini's,-34.90671051468124,-56.201387793587585,Peatonal Bacacay 1339,Italian Restaurant
Ciudad Vieja,-34.9063505,-56.2059795,Maki Sushi,-34.908561312374154,-56.201931207274995,Reconquista 601 (Juan Carlos Gómez),Sushi Restaurant
Ciudad Vieja,-34.9063505,-56.2059795,La Vienesa,-34.90608146275645,-56.20205801906175,Bartolome Mitre 1382,Bakery
Ciudad Vieja,-34.9063505,-56.2059795,Allegro Café,-34.90744512312985,-56.20136065552056,Buenos Aires (Bacacay),Café
Ciudad Vieja,-34.9063505,-56.2059795,MUMI,-34.90338245120634,-56.203050616185266,Bartolomé Mitre (Piedras),Art Museum
Ciudad Vieja,-34.9063505,-56.2059795,Macarena,-34.90408667380648,-56.20173715434941,Ciudad Vieja,Nightclub
Ciudad Vieja,-34.9063505,-56.2059795,Museo de Migraciones,-34.9033306486867,-56.20297426213558,Bartolome Mitre (Piedras),Science Museum
Ciudad Vieja,-34.9063505,-56.2059795,Terminal Ciudadela Norte,-34.90299682333564,-56.202543408612314,Juncal (Piedras),Bus Station
La Comercial,-34.8867491,-56.1690933,Mi Casa,-34.888475408702895,-56.16996794821351,Nueva Palmira (Cufré),Middle Eastern Restaurant
La Comercial,-34.8867491,-56.1690933,Congelados Glacial,-34.88918716559762,-56.16683006286621,Duvimioso Terra 2050 (Hocquart),Grocery Store
La Comercial,-34.8867491,-56.1690933,Banifox,-34.884084063829604,-56.17128984759464,Juan Paullier 2378 (Domingo Aramburú),Electronics Store
La Comercial,-34.8867491,-56.1690933,Bar Las Flores,-34.88503253903579,-56.16557380896619,Garibaldi (esq. Emilio Raña),BBQ Joint
La Comercial,-34.8867491,-56.1690933,La Cigale,-34.8850772604589,-56.16534948348999,Garibaldi 2473 (Emilio Raña),Ice Cream Shop
La Comercial,-34.8867491,-56.1690933,Jueves 5,-34.88642893406245,-56.170960958023116,Juan Paullier 2252 (Coquimbo),BBQ Joint
La Comercial,-34.8867491,-56.1690933,Mi Casa,-34.88825431437121,-56.17013454437256,Uruguay,Restaurant
La Comercial,-34.8867491,-56.1690933,Grido,-34.88671966166199,-56.16573429230576,Bvar. Artigas 2202 (Fco. Vidiella),Ice Cream Shop
La Comercial,-34.8867491,-56.1690933,Supermercado El Tio,-34.8856586319571,-56.164404046715575,Av. Gral. Garibaldi (Luis A. Surraco),Convenience Store
Pocitos,-34.9111227,-56.1505928,Destino 26,-34.91043020494529,-56.15030094680103,26 Marzo 1125,Bed & Breakfast
Pocitos,-34.9111227,-56.1505928,Petite Patisserie De Flor,-34.91218,-56.149359,José Martí 3340 (Chucarro),Dessert Shop
Pocitos,-34.9111227,-56.1505928,Cake's,-34.911404569561256,-56.15288805771525,José Ellauri 1067,Dessert Shop
Pocitos,-34.9111227,-56.1505928,Aerobic,-34.91104482312311,-56.15123510373057,Av. 26 de Marzo 1069 (Av. Brasil),Gym / Fitness Center
Pocitos,-34.9111227,-56.1505928,Miyagi Shushi,-34.90888601128947,-56.148351249791304,Gabriel Pereira 3138 (26 de marzo),Japanese Restaurant
Pocitos,-34.9111227,-56.1505928,Fellini Ristobaretto,-34.9131961995647,-56.148435797435795,José Martí 3408 (Benito Blanco),Italian Restaurant
Pocitos,-34.9111227,-56.1505928,La Latina Café,-34.910305,-56.152765,Avenida Brasil 2858 (Santiago Vazquez),Café
Pocitos,-34.9111227,-56.1505928,Gago,-34.912575387318455,-56.14884853363037,Jose Marti 3383 (Juan Benito Blanco),Falafel Restaurant
Pocitos,-34.9111227,-56.1505928,Las Gaviotas,-34.91397283697058,-56.14960036053053,Av. Brasil 3090 (Lázaro Gadea),Sandwich Place
Pocitos,-34.9111227,-56.1505928,Tandory,-34.907691601721886,-56.152395134718155,Ramon Masini 1130 (Libertad),Restaurant
Pocitos,-34.9111227,-56.1505928,La Redonda,-34.909274,-56.148299,26 de Marzo (Gabriel Pereira),Pizza Place
Pocitos,-34.9111227,-56.1505928,Burgers,-34.912931441236104,-56.14814105335933,Benito Blanco 1011 (Jose Marti),Burger Joint
Pocitos,-34.9111227,-56.1505928,Playa de los Pocitos,-34.912655,-56.145973,Rambla República del Perú (Avenida de Brasil),Beach
Pocitos,-34.9111227,-56.1505928,Doña Inés,-34.909789565816894,-56.146014978364214,Miguel Barreiro 3293 (Alejandro Chucarro),Café
Pocitos,-34.9111227,-56.1505928,Rambla Pocitos,-34.915206042258966,-56.14904586230431,Montevideo Montevideo,Scenic Lookout
Pocitos,-34.9111227,-56.1505928,La Cavia,-34.912359,-56.152623,26 de Marzo (Cavia),Latin American Restaurant
Pocitos,-34.9111227,-56.1505928,Aerobic,-34.908552111513956,-56.14864981816359,Gabriel Pereira 3119 (Av. 26 de Marzo),Gym / Fitness Center
Pocitos,-34.9111227,-56.1505928,Fragolina,-34.9135194412758,-56.150403092317724,Avenida Brasil 3072 (Lásaro Gadea),Coffee Shop
Pocitos,-34.9111227,-56.1505928,St. Clemente,-34.91446082288646,-56.15353627552291,José Ellauri 885 (Bvar. España),Shopping Mall
Pocitos,-34.9111227,-56.1505928,Tony's Pizza,-34.90696136993512,-56.151722739955304,Bartolito Mitre (Guayaquí),Pizza Place
Pocitos,-34.9111227,-56.1505928,Café Contento,-34.910598,-56.14693,Gabriel Pereira 3260 (Chucarro),Coffee Shop
Pocitos,-34.9111227,-56.1505928,Los Trovadores,-34.90986706719736,-56.14755647236609,Gabriel Pereira 3202 (Pedro Berro),Ice Cream Shop
Pocitos,-34.9111227,-56.1505928,Massini Suites,-34.91075742786615,-56.14937888842054,Ramon Masini 3288 (Pedro Francisco Berro),Hotel
Pocitos,-34.9111227,-56.1505928,Cafe Berro,-34.91399109155407,-56.15234309943616,Pedro Berro (Bulevard España),Café
Pocitos,-34.9111227,-56.1505928,Milajó,-34.90708327474283,-56.151044032214195,Libertad (Gabriel Pereira),Italian Restaurant
Pocitos,-34.9111227,-56.1505928,La Chacha Empanadas,-34.91272424795798,-56.14895320074047,José Martí 3379 (Juan Benito Blanco),Sandwich Place
Pocitos,-34.9111227,-56.1505928,Corner Shop,-34.91155227594843,-56.14859040726287,Montevideo Montevideo,Convenience Store
Pocitos,-34.9111227,-56.1505928,Rambla y Avenida Brasil,-34.914673252846924,-56.14871052754132,Montevideo Montevideo,Beach
Pocitos,-34.9111227,-56.1505928,El Paquin,-34.91507637884616,-56.14963481053974,"Benito Blanco 902 (Bvar, España)",Newsstand
Pocitos,-34.9111227,-56.1505928,Lokotas,-34.90882649,-56.148432,Montevideo Montevideo,Empanada Restaurant
Pocitos,-34.9111227,-56.1505928,Chivitos lo de Pepe,-34.91511420685737,-56.150585106082964,Roque Graseras (Bvar. España),South American Restaurant
Pocitos,-34.9111227,-56.1505928,Erevan,-34.907465164546984,-56.14965224082706,Ellauri 1308 (Gabriel Pereira),Middle Eastern Restaurant
Pocitos,-34.9111227,-56.1505928,La Cigale,-34.91078738255325,-56.14523598727048,Benito Blanco (Miguel Barreiro),Ice Cream Shop
Pocitos,-34.9111227,-56.1505928,Bien Bar,-34.90986669736709,-56.147407038177896,Gabriel Pereira 3201 (Berro),BBQ Joint
Pocitos,-34.9111227,-56.1505928,El Horno de Juan,-34.91282284907651,-56.14861513135503,Martí 3391 (Benito Blanco),Pizza Place
Pocitos,-34.9111227,-56.1505928,Frog,-34.911739120588024,-56.15143627872484,Av. Brasil (26 De Marzo),Supermarket
Pocitos,-34.9111227,-56.1505928,Thelma beach,-34.91461740178835,-56.14826862776204,Montevideo Montevideo,Bar
Pocitos,-34.9111227,-56.1505928,La Nonna,-34.911768,-56.147084,Benito Blanco (Guayaqui),Bakery
Pocitos,-34.9111227,-56.1505928,La Nueva,-34.90817327970774,-56.150485443096315,Santiago Vázquez 1251 (Guayaquí),BBQ Joint
Pocitos,-34.9111227,-56.1505928,Valerio,-34.91056196818099,-56.15221160359021,José Ellauri 1102 (Av. Brasil),Pizza Place
Pocitos,-34.9111227,-56.1505928,Club Trouville,-34.91247328851245,-56.14975511055008,Chucarro 1031,Basketball Stadium
Pocitos,-34.9111227,-56.1505928,Kinko Pocitos,-34.91399194156254,-56.15355571326363,Bvar. España (Ellauri),Market
Pocitos,-34.9111227,-56.1505928,Kinko Central (Gabriel Pereira),-34.90922674963728,-56.148066668419176,Gabriel Pereira 3173 (26 de Marzo),Convenience Store
Pocitos,-34.9111227,-56.1505928,Mérit Montevideo Apart & Suites,-34.91415161333542,-56.153109284346904,Bulevar España 2769,Hotel
Pocitos,-34.9111227,-56.1505928,Los Querubines - Almacén de Bebidas,-34.91022630706068,-56.147217750549316,Gabriel Antonio Pereira 3210 (Pedro Francisco Berro),Beer Store
Pocitos,-34.9111227,-56.1505928,LIFE Cinemas Alfabeta,-34.90895420495295,-56.146670025355014,Miguel Barreiro 3231 (Berro),Multiplex
Pocitos,-34.9111227,-56.1505928,Parrillada Trouville,-34.91278498237317,-56.149486914488534,Chucarro 1031 (Avenida Brasil),Steakhouse
Pocitos,-34.9111227,-56.1505928,Farmashop,-34.91463657426277,-56.15132972665748,Bvar. España 2856 (Tomas Diago),Pharmacy
Pocitos,-34.9111227,-56.1505928,La Taquería,-34.91261057902101,-56.148762702941895,José martí  3373 (Benito Blanco),Mexican Restaurant
Pocitos,-34.9111227,-56.1505928,Expreso Pocitos,-34.91396222776938,-56.14938925599807,Juan Benito Blanco (Av. Brasil),Diner
Pocitos,-34.9111227,-56.1505928,Districomp,-34.91281091347336,-56.15060004523943,Av. Brasil 3044 (Berro),Paper / Office Supplies Store
Pocitos,-34.9111227,-56.1505928,Micenas Mall,-34.91377706264698,-56.15053936149144,Av. Brasil 3072 (Lázaro Gadea),Shopping Mall
Pocitos,-34.9111227,-56.1505928,La Esquina tragos y picadas,-34.91293918097673,-56.14846812061936,Benito Blanco (Martí),Cocktail Bar
Pocitos,-34.9111227,-56.1505928,La Pasiva,-34.91457585298555,-56.149413629079085,Benito Blanco (Av.Brasil),Hot Dog Joint
Pocitos,-34.9111227,-56.1505928,Marilyn Café,-34.90895974550394,-56.146642759413524,Miguel Barreiro 3231 (Berro),Café
Pocitos,-34.9111227,-56.1505928,Punto Berro Hostel,-34.90908204431556,-56.14623232152144,Calle Pedro Francisco Berro (Miguel Barreiro),Hostel
Pocitos,-34.9111227,-56.1505928,Tienda Inglesa,-34.91381053851105,-56.14890722114486,Benito Blanco 966 (Avda. Brasil),Supermarket
Pocitos,-34.9111227,-56.1505928,Restaurant Hong Kong,-34.91305047403022,-56.14859104156494,José Martí 3397 (Benito Blanco),Chinese Restaurant
Pocitos,-34.9111227,-56.1505928,El Bacilón,-34.91043741137552,-56.146928720187304,Gabriel Pereira (Chucarro),Nightclub
Pocitos,-34.9111227,-56.1505928,Motociclo Sports,-34.90903229089157,-56.14662338870139,Miguel Barreiro 3243 (Berro),Sporting Goods Shop
Pocitos,-34.9111227,-56.1505928,Farmashop 12,-34.91202991399955,-56.14693880081177,Benito Blanco 1098 (Guayaquí),Pharmacy
Pocitos,-34.9111227,-56.1505928,Tequila Macho,-34.911285436456524,-56.145868168732456,Juan Benito Blanco (Gabriel Pereyra),Liquor Store
Buceo,-34.8978004,-56.1286576,William's Park,-34.89537722638221,-56.127469126877834,Montevideo Montevideo,Park
Buceo,-34.8978004,-56.1286576,Gigante del Buceo,-34.89758841191074,-56.125147707219625,Montevideo Montevideo,Indie Theater
Buceo,-34.8978004,-56.1286576,Pizza RIING,-34.89480449327421,-56.127747047228226,Montevideo Montevideo,Pizza Place
Buceo,-34.8978004,-56.1286576,Negro Bar,-34.89723036791178,-56.124558448791504,Av. Rivera 4101 (Bvar. José Batlle y Ordóñez),Pizza Place
Buceo,-34.8978004,-56.1286576,Multi Ahorro,-34.89341057523363,-56.12943638500168,Bv. José Batlle y Ordóñez 1703 (José Leguisamon),Grocery Store
"Parque Batlle, Villa Dolores",-34.896868049999995,-56.15338322140465,Tribuna Ámsterdam,-34.895335864199986,-56.15235434973686,Av. Américo Ricaldoni,Soccer Stadium
"Parque Batlle, Villa Dolores",-34.896868049999995,-56.15338322140465,Estadio Centenario,-34.894766450872105,-56.152753829956055,Avda. Dr. Américo Ricaldoni (e/ Av. Federico Videla y Av. Ramón Benzano),Soccer Stadium
"Parque Batlle, Villa Dolores",-34.896868049999995,-56.15338322140465,Parrillada Feliciano,-34.89964930960335,-56.153280659910806,Feliciano Rodríguez 2901 (Diego Lamas),BBQ Joint
"Parque Batlle, Villa Dolores",-34.896868049999995,-56.15338322140465,Parque Batlle,-34.898597,-56.156181,Montevideo Montevideo,Park
"Parque Batlle, Villa Dolores",-34.896868049999995,-56.15338322140465,Velódromo Municipal,-34.897758,-56.155868,Av Ramón Benzano 3471 (Américo Ricaldoni),Track Stadium
"Parque Batlle, Villa Dolores",-34.896868049999995,-56.15338322140465,Tribuna Olímpica,-34.894268239847804,-56.151787596463336,Av. Américo Ricaldoni,Soccer Stadium
"Parque Batlle, Villa Dolores",-34.896868049999995,-56.15338322140465,Tribuna Colombes,-34.893763263478455,-56.15337610244751,Av. Américo Ricaldoni,Soccer Stadium
"Parque Batlle, Villa Dolores",-34.896868049999995,-56.15338322140465,Museo del Fútbol,-34.8941410263739,-56.15147844465736,en Estadio Centenario,Museum
"Parque Batlle, Villa Dolores",-34.896868049999995,-56.15338322140465,Tribuna América,-34.89523069833767,-56.153233667932824,11600 Montevideo Montevideo,Soccer Stadium
"Parque Batlle, Villa Dolores",-34.896868049999995,-56.15338322140465,Clínica Estadio SUAT,-34.89533504672085,-56.15351093370725,Av. Federico Vidiella,Medical Center
"Parque Batlle, Villa Dolores",-34.896868049999995,-56.15338322140465,Pista de Atletismo Darwin Piñeyrúa,-34.89611029308509,-56.15801085324707,Montevideo Montevideo,Athletics & Sports
"Parque Batlle, Villa Dolores",-34.896868049999995,-56.15338322140465,Wembley,-34.897864286373846,-56.14842466614398,4 de Julio 3142 (Eduardo Mac Eachen),Soccer Field
"Parque Batlle, Villa Dolores",-34.896868049999995,-56.15338322140465,Club Uruguayo de Tiro,-34.89738832218,-56.152438704625574,Av. Américo Ricaldoni 2999 (Ramón Benzano),Gun Range
"Parque Batlle, Villa Dolores",-34.896868049999995,-56.15338322140465,Club Atlético Tabaré,-34.89976645446613,-56.15639669920805,Ricaldoni 2770 (Brito del Pino),Sports Club
"Parque Batlle, Villa Dolores",-34.896868049999995,-56.15338322140465,Comedor Universitario,-34.893824041085885,-56.15004539012348,Alfredo Navarro (Ricaldoni),Diner
Larrañaga,-34.8804406,-56.1587878,Zona Fútbol,-34.880374173870436,-56.16051666054578,Emilio Raña 2671 (Mariano Moreno),Soccer Field
Larrañaga,-34.8804406,-56.1587878,Gran Parque Central,-34.88485489854485,-56.158721330455634,Calle Carlos Anaya 2900,Soccer Stadium
Larrañaga,-34.8804406,-56.1587878,Soccer City,-34.8796733464735,-56.16015672683715,Mariano Moreno 2424 (Emilio Raña),Soccer Field
Larrañaga,-34.8804406,-56.1587878,El Gimnasio,-34.883306133324844,-56.16064019137455,Monte Caseros 2883 (Azambuya),Gym
Larrañaga,-34.8804406,-56.1587878,Tribuna José María Delgado,-34.88418411123873,-56.1592399528991,Montevideo Montevideo,Soccer Field
Larrañaga,-34.8804406,-56.1587878,El Brasero,-34.880624451509696,-56.15397412662388,Luis Alberto De Herrera (Urquiza),BBQ Joint
La Blanqueada,-34.8877002,-56.1545179,Bar La Toja,-34.88741237245828,-56.15369541171208,Av. Centenario (Jaime cibils),Pizza Place
La Blanqueada,-34.8877002,-56.1545179,Club Nacional de Football,-34.8860052604425,-56.15758667613989,Av. 8 de Octubre 2847,Athletics & Sports
La Blanqueada,-34.8877002,-56.1545179,Gran Parque Central,-34.88485489854485,-56.158721330455634,Calle Carlos Anaya 2900,Soccer Stadium
La Blanqueada,-34.8877002,-56.1545179,El Recanto,-34.88581026705911,-56.14955504858219,Luis Alberto de Herrera 2250 (Cardal),Latin American Restaurant
La Blanqueada,-34.8877002,-56.1545179,Farmashop,-34.88512971536642,-56.15010593699717,Luis Alberto de Herrera 2368 (Mateo Vidal),Pharmacy
La Blanqueada,-34.8877002,-56.1545179,El Mástil,-34.89090479567971,-56.15525231033619,Av. Italia 2751 (Centenario),Pizza Place
La Blanqueada,-34.8877002,-56.1545179,Panadería El Horreo,-34.88561961319214,-56.14985768594938,Luis Alberto de Herrera 2254 (República Dominicana),Bakery
La Blanqueada,-34.8877002,-56.1545179,Los Maristas,-34.884456903822915,-56.15595758647996,Montevideo Montevideo,Basketball Court
La Blanqueada,-34.8877002,-56.1545179,Xerox,-34.88865255212881,-56.15905222212359,8 de octubre (Estero bellaco),Paper / Office Supplies Store
La Blanqueada,-34.8877002,-56.1545179,Cafeteria del Hospital de Clinicas,-34.891329352754944,-56.15149870215533,Hospital de  Clinicas,Coffee Shop
Unión,-34.8802364,-56.1376878,2 a 1 futbol 5,-34.8824965333333,-56.1355747833333,Comercio 2159,Soccer Field
Unión,-34.8802364,-56.1376878,remix,-34.881521,-56.135563,Uruguay,Department Store
Unión,-34.8802364,-56.1376878,Uniform,-34.88054089341374,-56.14139342007144,Uruguay,Clothing Store
Unión,-34.8802364,-56.1376878,Gazpacho restobar,-34.8824980081879,-56.135071367343414,Montevideo Montevideo,Gastropub
Unión,-34.8802364,-56.1376878,TaTa,-34.87787580640016,-56.141496974534974,Uruguay,Convenience Store
Malvín,-34.8896923,-56.0947675,Club Malvín,-34.89088446723347,-56.096679700875455,Av. Legrand 5187 (Av. Gral. Rivera),Gym
Malvín,-34.8896923,-56.0947675,Requetepizza,-34.888310190023866,-56.09172792024019,Zum Felde 1664,Pizza Place
Malvín,-34.8896923,-56.0947675,Motociclo Sports,-34.89016048658523,-56.09896649673823,Av. Legrand 5076 (Michigan),Sporting Goods Shop
Malvín,-34.8896923,-56.0947675,"Complejo Deportivo ""La Experimental 5""",-34.89213034975914,-56.09876065070113,Montevideo Montevideo,Soccer Field
Malvín,-34.8896923,-56.0947675,Parque Baroffio,-34.88831024329757,-56.09174581850801,Uruguay,Park
Malvín,-34.8896923,-56.0947675,Parque Eugenio Baroffio,-34.88834989035753,-56.09168434184217,Av. Arq. Eugenio Baroffio (Justino Zabala Muñiz),Playground
Malvín Norte,-34.8778969,-56.1192811,Complejo Deportivo Héctor del Campo,-34.87667564795565,-56.11481646317004,Hipólito Yrigoyen  2333,Soccer Field
Malvín Norte,-34.8778969,-56.1192811,Supermercado Ta-Ta,-34.87494683076018,-56.1226487159729,Piran 2101 (Emilio Castelar),Supermarket
Malvín Norte,-34.8778969,-56.1192811,Cancha Malvin Alto,-34.875097,-56.115416,Montevideo Montevideo,Stadium
Carrasco,-34.8855774,-56.0581498,Carrasco Lawn Tennis Club,-34.88438755209523,-56.060248405633004,Couture 6401 (Alfredo Arocena),Tennis Court
Carrasco,-34.8855774,-56.0581498,Lisandro Café,-34.8851900874199,-56.05653446617481,Rivera 6543 (Millington Drake),Sandwich Place
Carrasco,-34.8855774,-56.0581498,Café Misterio,-34.88588370920055,-56.056839986748905,Costa Rica 1700 (Av. Rivera),Restaurant
Carrasco,-34.8855774,-56.0581498,ArtComputer,-34.887726280681086,-56.05806112289428,Arocena 1649 (Schroeder),Electronics Store
Carrasco,-34.8855774,-56.0581498,Las Delicias,-34.88753047994035,-56.05767895821218,Schroeder 6454 (Arocena),Ice Cream Shop
Carrasco,-34.8855774,-56.0581498,Pellegrin Boutique Gourmet,-34.88651,-56.059086,Av Rivera 6634 (Av Arocena),Gourmet Shop
Carrasco,-34.8855774,-56.0581498,ChiviPizza,-34.887493330458085,-56.05713732861782,Schroeder 6472 (Costa Rica),Restaurant
Carrasco,-34.8855774,-56.0581498,El Puesto Parrilla Tradicional,-34.88744,-56.058846,schroeder (arocena),BBQ Joint
Carrasco,-34.8855774,-56.0581498,Tienda Inglesa,-34.88782650280869,-56.058132528401046,Schroeder 6436 (Arocena),Supermarket
Carrasco,-34.8855774,-56.0581498,La Madriguera Café,-34.88884187303114,-56.05777006134605,Cambará 1614 (Av. Arocena),Café
Carrasco,-34.8855774,-56.0581498,Santa Gula,-34.88605763183663,-56.05678334831544,Costa Rica 1683 (Rivera),Restaurant
Carrasco,-34.8855774,-56.0581498,Clyde's,-34.88594152141713,-56.05678445208801,Costa Rica (Rivera),American Restaurant
Carrasco,-34.8855774,-56.0581498,Plaza Arocena Shopping Mall,-34.88658044154321,-56.05816779328899,Arocena (Rivera),Shopping Mall
Carrasco,-34.8855774,-56.0581498,García Parrilla Clásica y Bar,-34.88930309633958,-56.05707054700762,Avda. Arocena 1587 (Dr. Gabriel Otero),Steakhouse
Carrasco,-34.8855774,-56.0581498,Danna Tea Experience,-34.887243,-56.054741,POTOSÍ 1636 (St. Gobain),Tea Room
Carrasco,-34.8855774,-56.0581498,Francis,-34.88650990564033,-56.05829186803965,Av. Arocena 1692 (esq Gral. Rivera),Restaurant
Carrasco,-34.8855774,-56.0581498,Belmont House Hotel,-34.88753263004758,-56.06170811959194,Av. Rivera 6512,Hotel
Carrasco,-34.8855774,-56.0581498,Dackel,-34.88925556195007,-56.057561630023955,Gabriel Otero 6438 (Arocena),German Restaurant
Carrasco,-34.8855774,-56.0581498,Regency Suites Montevideo (Uruguay),-34.88948926066449,-56.0576623388211,Dr. Gabriel Otero 6428 (Av. Dr. Alfredo Arocena),Hotel
Carrasco,-34.8855774,-56.0581498,Lacoste,-34.88872044866117,-56.05736189091626,Arocena,Clothing Store
Carrasco,-34.8855774,-56.0581498,Las 2 Estrellas,-34.88894283187367,-56.057978362696204,Uruguay,Comfort Food Restaurant
Carrasco,-34.8855774,-56.0581498,Vieja Plaza Conaprole,-34.882847,-56.059494,Vieja Plaza Conaprole (Arocena y Lieja),Park
Carrasco,-34.8855774,-56.0581498,Dgusto,-34.883035,-56.059378,Montevideo Montevideo,Market
Carrasco,-34.8855774,-56.0581498,La Pasiva,-34.887670079120305,-56.05781669633887,Arocena 1644 (Schroeder),Restaurant
Carrasco,-34.8855774,-56.0581498,Hoy Te Quiero,-34.889672,-56.056654,Arocena (Otero),Restaurant
Carrasco,-34.8855774,-56.0581498,Tajamar Restó,-34.88316345763776,-56.061224314989325,Lieja 6416 (Divina Comedia),American Restaurant
Carrasco,-34.8855774,-56.0581498,Tienda De Cafe,-34.88825,-56.057438,Arocena 1624,Coffee Shop
Carrasco,-34.8855774,-56.0581498,Bar Arocena,-34.88989469127884,-56.0566239918197,Av. Arocena 1564 (Carlos Federico Sáez),Bar
Carrasco,-34.8855774,-56.0581498,BGMOCA | Museum Of Contemporary Art,-34.88323523882596,-56.06129859091613,Lieja 6416 (Divina Comedia),Art Museum
Carrasco,-34.8855774,-56.0581498,Mosca,-34.8894790773048,-56.056903280051664,Avda. Arocena 1576 (Gabriel Otero),Paper / Office Supplies Store
Carrasco,-34.8855774,-56.0581498,Movistar,-34.88835237556141,-56.05614610967729,Gabriel Otero 6495 (Arocena),Mobile Phone Shop
Carrasco,-34.8855774,-56.0581498,Galeria Roma,-34.88995975920922,-56.057144080697164,Uruguay,Shopping Mall
Carrasco,-34.8855774,-56.0581498,Starbucks,-34.889206909353156,-56.05680541711868,Arocena 1584,Coffee Shop
Carrasco,-34.8855774,-56.0581498,Parque Arocena Eventos,-34.88420392615322,-56.059305870012665,Uruguay,Lounge
Carrasco,-34.8855774,-56.0581498,Los Reyes Magos,-34.887564044156214,-56.05873410718144,Schroeder 6406 (Arocena),Toy / Game Store
Carrasco,-34.8855774,-56.0581498,Plaza Dr. Julio Garcia Otero,-34.882203661420675,-56.05957269388591,Arocena (Lieja),Plaza
Carrasco,-34.8855774,-56.0581498,Kiosco AROCENA,-34.88990648647707,-56.05914795420809,Arocena 1564,Smoke Shop
Punta Gorda,-34.8998411,-56.0815706,Plaza Virgilio,-34.89837732732458,-56.081945092761174,Montevideo Montevideo,Plaza
Punta Gorda,-34.8998411,-56.0815706,Plaza de la Armada,-34.898473198654436,-56.08109359301645,Montevideo Montevideo,Plaza
Punta Gorda,-34.8998411,-56.0815706,Rambla República de Mexico,-34.89768666152536,-56.082190195443516,Montevideo Montevideo,Scenic Lookout
Punta Gorda,-34.8998411,-56.0815706,Credo Cafe,-34.89664843105032,-56.08321229911149,Montevideo Montevideo,Coffee Shop
Punta Gorda,-34.8998411,-56.0815706,Hemingway,-34.89874407242844,-56.082226341987464,Rambla República de México 5535,Seafood Restaurant
Punta Gorda,-34.8998411,-56.0815706,Chivitos Marcos,-34.89607411890646,-56.08018037279377,Coimbra (Gral. Paz),Latin American Restaurant
Punta Gorda,-34.8998411,-56.0815706,Rambla Virgilio,-34.897548440842,-56.0828165719324,Montevideo Montevideo,Beach
Carrasco Norte,-34.8728977,-56.0720858,Pizza Club,-34.869923,-56.07204,Cno. Carrasco - Portal Brunel (Brunel),Pizza Place
Carrasco Norte,-34.8728977,-56.0720858,Panaderia Cooper,-34.874371,-56.069178,Montevideo Montevideo,Bakery
Carrasco Norte,-34.8728977,-56.0720858,Canchita Carrasco Norte,-34.87350253628936,-56.07081811909435,Agustin Musso (Calle D-Habre-F.Gomez Marin),Park
Carrasco Norte,-34.8728977,-56.0720858,Multiahorro,-34.87053066282827,-56.06922788338529,Cooper (Cno. Carrasco),Grocery Store
