Barrio,Barrio Latitud,Barrio Longitud,Local,Local Latitud,Local Longitud,Local Dirección(esquina),Local Categoria
Cordón,-34.9008267,-56.1801246,Asociación Cristiana de Jóvenes,-34.90080638625451,-56.17641345869152,Colonia 1870 (Eduardo Acevedo),Gym / Fitness Center
Cordón,-34.9008267,-56.1801246,Club BPS,-34.901414400657266,-56.18006289438883,Mercedes 1723 (Magallanes),Gym
Punta Carretas,-34.9202023,-56.1600649,Instinto Crossfit,-34.91732160267428,-56.15752152240681,21 De Setiembre 2745 (Luis De La Torre),Gym / Fitness Center
Punta Carretas,-34.9202023,-56.1600649,Beauty Planet,-34.92148231317969,-56.15616267642316,Blanca Del Tabaré 2990 (Ellauri),Gym
Punta Carretas,-34.9202023,-56.1600649,Via Aqua Spa,-34.9241131980795,-56.15757028864705,Victor Soliño 375,Gym
Punta Carretas,-34.9202023,-56.1600649,Perfil Gym,-34.91924513349354,-56.15479801532604,21 de Setiembre 2884 (José Ellauri),Gym / Fitness Center
Centro,-34.9060667,-56.1896562,Aerobic,-34.90526023651718,-56.18926054150956,Yi 1383 (Av. 18 de Julio),Gym / Fitness Center
Centro,-34.9060667,-56.1896562,El Templo del Musculo,-34.90254025117449,-56.186830462354436,Avda Uruguay 1377 (Ejido),Gym
Centro,-34.9060667,-56.1896562,Club Juventus,-34.90511306264828,-56.193491594173096,Colonia (Rio Negro),Gym / Fitness Center
Palermo,-34.9112877,-56.1806984,Urban Mood,-34.9090669762867,-56.18266496481111,Maldonado (Martínez Trueba),Gym / Fitness Center
Palermo,-34.9112877,-56.1806984,Perfil Gym Palermo,-34.9084399645273,-56.17658086191454,Yaro (Maldonado),Gym
Palermo,-34.9112877,-56.1806984,Palermo Boxing Club,-34.91239495656803,-56.184608671279236,Montevideo Montevideo,Gym / Fitness Center
Parque Rodó,-34.9100822,-56.1697776,Club One,-34.909995924944525,-56.172624740829235,Jackson 1072 (Isla de Flores),Gym
Parque Rodó,-34.9100822,-56.1697776,Panther Gym,-34.91311251281061,-56.173448190426726,Eduardo Acevedo 927 (Gonzalo Ramirez),Gym
Parque Rodó,-34.9100822,-56.1697776,American Box,-34.912548368778566,-56.165721003804975,Julio Herrera Y Reissig,Gym
Larrañaga,-34.8804406,-56.1587878,El Gimnasio,-34.883306133324844,-56.16064019137455,Monte Caseros 2883 (Azambuya),Gym
Malvín,-34.8896923,-56.0947675,Club Malvín,-34.89088446723347,-56.096679700875455,Av. Legrand 5187 (Av. Gral. Rivera),Gym
Pocitos,-34.9111227,-56.1505928,Motociclo Sports,-34.90903229089157,-56.14662338870139,Miguel Barreiro 3243 (Berro),Sporting Goods Shop
"Parque Batlle, Villa Dolores",-34.896868049999995,-56.15338322140465,Pista de Atletismo Darwin Piñeyrúa,-34.89611029308509,-56.15801085324707,Montevideo Montevideo,Athletics & Sports
"Parque Batlle, Villa Dolores",-34.896868049999995,-56.15338322140465,Club Atlético Tabaré,-34.89976645446613,-56.15639669920805,Ricaldoni 2770 (Brito del Pino),Sports Club
La Blanqueada,-34.8877002,-56.1545179,Club Nacional de Football,-34.8860052604425,-56.15758667613989,Av. 8 de Octubre 2847,Athletics & Sports
Palermo,-34.9112877,-56.1806984,Isla de Flores,-34.90941006463309,-56.1839585351952,Isla de Flores (e/ Carlos Quijano y Jackson),Other Great Outdoors
Buceo,-34.8978004,-56.1286576,William's Park,-34.89537722638221,-56.127469126877834,Montevideo Montevideo,Park
"Parque Batlle, Villa Dolores",-34.896868049999995,-56.15338322140465,Parque Batlle,-34.898597,-56.156181,Montevideo Montevideo,Park
Malvín,-34.8896923,-56.0947675,Parque Baroffio,-34.88831024329757,-56.09174581850801,Uruguay,Park
Carrasco,-34.8855774,-56.0581498,Vieja Plaza Conaprole,-34.882847,-56.059494,Vieja Plaza Conaprole (Arocena y Lieja),Park
Carrasco Norte,-34.8728977,-56.0720858,Canchita Carrasco Norte,-34.87350253628936,-56.07081811909435,Agustin Musso (Calle D-Habre-F.Gomez Marin),Park
Cordón,-34.9008267,-56.1801246,Plaza de los 33,-34.903020282035314,-56.18036985397339,Av. 18 de Julio (e/ Minas y Magallanes),Plaza
Cordón,-34.9008267,-56.1801246,Patio De La Facultad,-34.89954420417898,-56.178222842217735,Doctor Tristán Narvaja 1674,Plaza
Centro,-34.9060667,-56.1896562,Plaza de Cagancha,-34.90593632457969,-56.19130374626683,Av. 18 de Julio (e/ Pasaje de los Derechos Humanos y Plaza Cagancha),Plaza
Centro,-34.9060667,-56.1896562,Plaza Fabini,-34.905646727034565,-56.19428515434265,Av. 18 de Julio (e/ Río Negro y Julio Herrera y Obes),Plaza
Tres Cruces,-34.892518,-56.1671127,Plaza de la Bandera,-34.893569664501044,-56.16441607475281,Bvar. Artigas (Av. Italia),Plaza
Ciudad Vieja,-34.9063505,-56.2059795,Plaza Matriz,-34.906615,-56.203541,Sarandí (Juan Carlos Gómez),Plaza
Ciudad Vieja,-34.9063505,-56.2059795,Plaza Zabala,-34.90756095820422,-56.20811688449313,Circunvalación Durango,Plaza
Ciudad Vieja,-34.9063505,-56.2059795,Peatonal Sarandí,-34.90678821036925,-56.20332330949277,Sarandí,Pedestrian Plaza
Carrasco,-34.8855774,-56.0581498,Plaza Dr. Julio Garcia Otero,-34.882203661420675,-56.05957269388591,Arocena (Lieja),Plaza
Punta Gorda,-34.8998411,-56.0815706,Plaza Virgilio,-34.89837732732458,-56.081945092761174,Montevideo Montevideo,Plaza
Punta Gorda,-34.8998411,-56.0815706,Plaza de la Armada,-34.898473198654436,-56.08109359301645,Montevideo Montevideo,Plaza
Palermo,-34.9112877,-56.1806984,Club Atlético Atenas,-34.913839462923626,-56.184293015935474,cebollatí (Santiago de chile),Basketball Stadium
Palermo,-34.9112877,-56.1806984,Cancha Don Bosco,-34.913641,-56.17929,Montevideo Montevideo,Stadium
Pocitos,-34.9111227,-56.1505928,Club Trouville,-34.91247328851245,-56.14975511055008,Chucarro 1031,Basketball Stadium
"Parque Batlle, Villa Dolores",-34.896868049999995,-56.15338322140465,Tribuna Ámsterdam,-34.895335864199986,-56.15235434973686,Av. Américo Ricaldoni,Soccer Stadium
"Parque Batlle, Villa Dolores",-34.896868049999995,-56.15338322140465,Estadio Centenario,-34.894766450872105,-56.152753829956055,Avda. Dr. Américo Ricaldoni (e/ Av. Federico Videla y Av. Ramón Benzano),Soccer Stadium
"Parque Batlle, Villa Dolores",-34.896868049999995,-56.15338322140465,Velódromo Municipal,-34.897758,-56.155868,Av Ramón Benzano 3471 (Américo Ricaldoni),Track Stadium
"Parque Batlle, Villa Dolores",-34.896868049999995,-56.15338322140465,Tribuna Olímpica,-34.894268239847804,-56.151787596463336,Av. Américo Ricaldoni,Soccer Stadium
"Parque Batlle, Villa Dolores",-34.896868049999995,-56.15338322140465,Tribuna Colombes,-34.893763263478455,-56.15337610244751,Av. Américo Ricaldoni,Soccer Stadium
"Parque Batlle, Villa Dolores",-34.896868049999995,-56.15338322140465,Tribuna América,-34.89523069833767,-56.153233667932824,11600 Montevideo Montevideo,Soccer Stadium
Larrañaga,-34.8804406,-56.1587878,Gran Parque Central,-34.88485489854485,-56.158721330455634,Calle Carlos Anaya 2900,Soccer Stadium
Malvín Norte,-34.8778969,-56.1192811,Cancha Malvin Alto,-34.875097,-56.115416,Montevideo Montevideo,Stadium
Pocitos,-34.9111227,-56.1505928,Playa de los Pocitos,-34.912655,-56.145973,Rambla República del Perú (Avenida de Brasil),Beach
Pocitos,-34.9111227,-56.1505928,Rambla y Avenida Brasil,-34.914673252846924,-56.14871052754132,Montevideo Montevideo,Beach
Punta Gorda,-34.8998411,-56.0815706,Rambla Virgilio,-34.897548440842,-56.0828165719324,Montevideo Montevideo,Beach
Cordón,-34.9008267,-56.1801246,Palacio Peñarol,-34.89875129665987,-56.18247258467547,Magallanes 1721 (Galicia),Basketball Court
Cordón,-34.9008267,-56.1801246,Club Cordón,-34.89775834051922,-56.18109941482544,Galicia 1665 (Gaboto),Basketball Court
Palermo,-34.9112877,-56.1806984,Plaza Juan Angel Silva,-34.913604,-56.179133,Cebollatí y Minas,Basketball Court
La Blanqueada,-34.8877002,-56.1545179,Los Maristas,-34.884456903822915,-56.15595758647996,Montevideo Montevideo,Basketball Court
Cordón,-34.9008267,-56.1801246,Olympic Belgrano,-34.89906805525072,-56.18476017370374,Galicia 1483,Soccer Field
Tres Cruces,-34.892518,-56.1671127,Indoor 3 Cruces,-34.89255937009292,-56.168753076627944,Cufré 1918 (entre Goes y Miguelete),Soccer Field
"Parque Batlle, Villa Dolores",-34.896868049999995,-56.15338322140465,Wembley,-34.897864286373846,-56.14842466614398,4 de Julio 3142 (Eduardo Mac Eachen),Soccer Field
Larrañaga,-34.8804406,-56.1587878,Zona Fútbol,-34.880374173870436,-56.16051666054578,Emilio Raña 2671 (Mariano Moreno),Soccer Field
Larrañaga,-34.8804406,-56.1587878,Soccer City,-34.8796733464735,-56.16015672683715,Mariano Moreno 2424 (Emilio Raña),Soccer Field
Larrañaga,-34.8804406,-56.1587878,Tribuna José María Delgado,-34.88418411123873,-56.1592399528991,Montevideo Montevideo,Soccer Field
Unión,-34.8802364,-56.1376878,2 a 1 futbol 5,-34.8824965333333,-56.1355747833333,Comercio 2159,Soccer Field
Malvín,-34.8896923,-56.0947675,"Complejo Deportivo ""La Experimental 5""",-34.89213034975914,-56.09876065070113,Montevideo Montevideo,Soccer Field
Malvín Norte,-34.8778969,-56.1192811,Complejo Deportivo Héctor del Campo,-34.87667564795565,-56.11481646317004,Hipólito Yrigoyen  2333,Soccer Field
Carrasco,-34.8855774,-56.0581498,Carrasco Lawn Tennis Club,-34.88438755209523,-56.060248405633004,Couture 6401 (Alfredo Arocena),Tennis Court
Punta Carretas,-34.9202023,-56.1600649,Club de Golf del Uruguay,-34.92207054974802,-56.16483475256267,Blvr. Artigas 379 (Av. Julio Maria Sosa),Golf Course
Punta Carretas,-34.9202023,-56.1600649,Mil Salsas,-34.92388183566467,-56.15830628274857,Punta Carretas Shopping,Fast Food Restaurant
Punta Carretas,-34.9202023,-56.1600649,McDonald's,-34.918870732948655,-56.155915180811824,21 de Setiembre 2852 (José Ellauri),Fast Food Restaurant
Centro,-34.9060667,-56.1896562,Epa - Babá,-34.90613,-56.192681,Montevideo Montevideo,Food Truck
Aguada,-34.8966763,-56.1893663,Leopoldo Gross,-34.893051745116914,-56.191377312677105,Venezuela 1211 (Cuareim),Food & Drink Shop
Tres Cruces,-34.892518,-56.1671127,Plaza de Comidas,-34.8944519159512,-56.16652876240488,Shopping Tres Cruces,Food Court
Parque Rodó,-34.9100822,-56.1697776,La Cocina Del Parque,-34.911628015790754,-56.16899842874429,Montevideo Montevideo,Food
Barrio Sur,-34.9112017,-56.1947844,La Sin Rival,-34.90811279256742,-56.19610647681887,Soriano 929,Food & Drink Shop
Ciudad Vieja,-34.9063505,-56.2059795,Sin Pretensiones,-34.90842404795427,-56.207494918292916,Sarandi 366 (Alzaibar),Comfort Food Restaurant
Ciudad Vieja,-34.9063505,-56.2059795,Camelia,-34.90684310918039,-56.20601477446205,Montevideo Montevideo,Health Food Store
Ciudad Vieja,-34.9063505,-56.2059795,Es Mercat,-34.90564787827718,-56.21027882759006,Colón 1550 (e/ Piedras y Cerrito),Southern / Soul Food Restaurant
Ciudad Vieja,-34.9063505,-56.2059795,Natural Food & Market,-34.906843,-56.20143,Bacacay 1339 (Peatonal sarandi),Food & Drink Shop
Carrasco,-34.8855774,-56.0581498,Las 2 Estrellas,-34.88894283187367,-56.057978362696204,Uruguay,Comfort Food Restaurant
Cordón,-34.9008267,-56.1801246,Gran Sportman,-34.90224585974241,-56.17734144831411,18 de Julio (Tristán Narvaja),South American Restaurant
Cordón,-34.9008267,-56.1801246,El Milongón,-34.89704169530827,-56.1819690980256,Gaboto 1810 (La Paz),South American Restaurant
Punta Carretas,-34.9202023,-56.1600649,Francis,-34.91947916451085,-56.160065439044146,Luis de la Torre 502 (Jose Maria Montero),Mediterranean Restaurant
Punta Carretas,-34.9202023,-56.1600649,Empanadas San Juan,-34.91808717010024,-56.160580226368815,Williman (Montero),Tapas Restaurant
Punta Carretas,-34.9202023,-56.1600649,Sabores de Laura,-34.92007619486115,-56.16096339075081,Montevideo Montevideo,Restaurant
Punta Carretas,-34.9202023,-56.1600649,Uruguay Natural,-34.923262910127264,-56.16048082667053,Hector Miranda 2432 (Ellauri),Restaurant
Punta Carretas,-34.9202023,-56.1600649,Magnum,-34.923909,-56.160229,Ellauri 307 (Garcia Cortinas),Sushi Restaurant
Punta Carretas,-34.9202023,-56.1600649,Vasca,-34.921477,-56.159446,Miñones 455 (Joaquín Núñez),Modern European Restaurant
Punta Carretas,-34.9202023,-56.1600649,Sacramento,-34.917366069507146,-56.15951950637693,Willimann (Francisco Ros),South American Restaurant
Punta Carretas,-34.9202023,-56.1600649,La Lupita,-34.91862226982369,-56.159012086068536,Luis de la Torre 565 (Gregorio Suarez),Mexican Restaurant
Punta Carretas,-34.9202023,-56.1600649,Da Pentella,-34.91833508176108,-56.158442635602675,Luis de la Torre 598 (Francisco Ross),Mediterranean Restaurant
Punta Carretas,-34.9202023,-56.1600649,Sa Cuina,-34.922864325049126,-56.161023491348374,Dr. Héctor Miranda 2410 (Bvar. Artigas),Italian Restaurant
Punta Carretas,-34.9202023,-56.1600649,Bossa Resto Bar,-34.916874,-56.16174,Montevideo Montevideo,Restaurant
Punta Carretas,-34.9202023,-56.1600649,La Pasiva,-34.923857819415154,-56.15868322696831,José Ellauri 350,Restaurant
Punta Carretas,-34.9202023,-56.1600649,La Taberna del Diablo,-34.91612087554524,-56.15853667259216,Luis Franzini 812 (21 de Setiembre),Restaurant
Punta Carretas,-34.9202023,-56.1600649,Milamores,-34.91622128921319,-56.15825633770546,Zudañez 2511 (21 De Setiembre),Restaurant
Punta Carretas,-34.9202023,-56.1600649,Federici,-34.923914354459086,-56.15832601452435,Ellauri 350 Local F5,Restaurant
Punta Carretas,-34.9202023,-56.1600649,Pasta y Pasta,-34.9168686636799,-56.15885853767394,Williman 637 (21 de Setiembre),Italian Restaurant
Centro,-34.9060667,-56.1896562,Ashot Shawarma,-34.90731405807303,-56.190218925476074,Zelmar Michelini 1295,Kebab Restaurant
Centro,-34.9060667,-56.1896562,La Cibeles,-34.9067255646116,-56.18910553916272,San Jose (Carlos Quijano),Latin American Restaurant
Centro,-34.9060667,-56.1896562,Pacharán,-34.90680952841421,-56.19077474530315,San José 1168,Spanish Restaurant
Centro,-34.9060667,-56.1896562,Mesón Viejo Sancho,-34.90674249826551,-56.18947172667435,Calle San José 1229,Restaurant
Centro,-34.9060667,-56.1896562,Ruffino,-34.90682180713175,-56.19082058680638,San José 1166 (e/ Zelmar Michelini y Gutiérrez Ruiz),Italian Restaurant
Centro,-34.9060667,-56.1896562,Viejo Sancho,-34.906757,-56.189344,San José 1229 (Yi),Restaurant
Centro,-34.9060667,-56.1896562,Bosque Bambú,-34.907094389265396,-56.193234762363424,San Jose (btw Paraguay & Río Negro),Chinese Restaurant
Tres Cruces,-34.892518,-56.1671127,Canton Chino,-34.89441992993598,-56.16664233977684,Montevideo Montevideo,Chinese Restaurant
Tres Cruces,-34.892518,-56.1671127,El Refugio,-34.895272439865764,-56.16623729467392,Mario Cassinoni (e/ Salvador Ferrer Serra y Eduardo Víctor Haedo),Latin American Restaurant
Tres Cruces,-34.892518,-56.1671127,La Flamma,-34.895663812425354,-56.16636334849871,Eduardo Victor Haedo 2346 (Dr. Mario Cassinoni),Latin American Restaurant
Palermo,-34.9112877,-56.1806984,La Cocina de Pedro,-34.91255904690403,-56.18315321558815,Gonzalo Ramírez 1483 (e/ Barrios Amorín y Martínez Trueba),South American Restaurant
Palermo,-34.9112877,-56.1806984,Maldonado Bar,-34.90868968910776,-56.178482083117025,Maldonado 1695,Restaurant
Palermo,-34.9112877,-56.1806984,Amorín,-34.910054,-56.184106,Javier Barrios Amorín (Durazno),Restaurant
Palermo,-34.9112877,-56.1806984,Buena Costumbre,-34.91085652663643,-56.175872560216106,Yaro 1030 (San salvador e isla de flores),Restaurant
Palermo,-34.9112877,-56.1806984,Mediterráneo,-34.90868872733103,-56.17696588877701,Maldonado 1766 (Yaro),Italian Restaurant
Palermo,-34.9112877,-56.1806984,Palermo Viejo,-34.91264693201288,-56.18385807641028,Gonzalo Ramírez (esq. Barrios Amorín),Restaurant
Palermo,-34.9112877,-56.1806984,Recoleta,-34.912308063196896,-56.18480901776765,Gonzalo Ramirez (Santiando de Chile),Restaurant
Palermo,-34.9112877,-56.1806984,La Buena Mesa Restaurant,-34.91417283694859,-56.18226828448999,Rambla Rep. Argentina (La cumparsita),Restaurant
Parque Rodó,-34.9100822,-56.1697776,Pastas Blanes,-34.91109367400867,-56.17157477310455,Juan Manuel Blanes 1000 (San Salvador),Italian Restaurant
Parque Rodó,-34.9100822,-56.1697776,Voglio,-34.906659,-56.167592,Paullier 1161,Restaurant
Parque Rodó,-34.9100822,-56.1697776,POTTS - Restaurante y Tienda de Café,-34.9103,-56.17407,Eduardo Acevedo 1047 (Isla de Flores),Restaurant
Parque Rodó,-34.9100822,-56.1697776,Blanes,-34.91109141753167,-56.171606711647186,Juan Manuel Blanes 997 (San Salvador),Restaurant
Parque Rodó,-34.9100822,-56.1697776,Opíparus,-34.9077710265862,-56.165137677483905,Maldonado 2297 (Casinoni),Restaurant
Parque Rodó,-34.9100822,-56.1697776,Feller's,-34.909256,-56.16778,Bulevar España 2169,American Restaurant
Parque Rodó,-34.9100822,-56.1697776,La Carola,-34.911186469430895,-56.16646890715741,Gonzalo Ramirez (Juan Paullier),Tapas Restaurant
Barrio Sur,-34.9112017,-56.1947844,Bar Americano,-34.90836644786476,-56.197848073827295,Soriano 858 (Esquina Andes),American Restaurant
Barrio Sur,-34.9112017,-56.1947844,Los Leños,-34.90724984246572,-56.196657056165265,San José 909 (Convención),Restaurant
Barrio Sur,-34.9112017,-56.1947844,Barra 7,-34.90926616446005,-56.19910210598568,Canelones (Florida),Vegetarian / Vegan Restaurant
Ciudad Vieja,-34.9063505,-56.2059795,Estrecho,-34.90782423276405,-56.205743473235074,Sarandí 460 (e/ Misiones y Treinta y Tres),South American Restaurant
Ciudad Vieja,-34.9063505,-56.2059795,Jacinto,-34.908516,-56.207826,Sarandí 349 (Alzaibar),Restaurant
Ciudad Vieja,-34.9063505,-56.2059795,Sámsara,-34.90880423407665,-56.20649719346929,Zabala 1316 (e/ Sarandí y Buenos Aires),Vegetarian / Vegan Restaurant
Ciudad Vieja,-34.9063505,-56.2059795,Úrbani Plaza Zabala,-34.90748569268829,-56.20792433524489,Circunvalación Durango 381 (Primero de Mayo),Latin American Restaurant
Ciudad Vieja,-34.9063505,-56.2059795,Toledo - Bar de Tapas,-34.905066,-56.206255,Cerrito 499 (Treinta y Tres),Tapas Restaurant
Ciudad Vieja,-34.9063505,-56.2059795,Rösti Restaurant Café,-34.90590359209622,-56.204555893463116,Sarandí 368 (e/ Zabala y Alzáibar),Swiss Restaurant
Ciudad Vieja,-34.9063505,-56.2059795,la petite cuisine,-34.90859422858422,-56.20823800563812,Sarandí 331 (Alzaibar),Restaurant
Ciudad Vieja,-34.9063505,-56.2059795,Ventus,-34.907461321993814,-56.202521593297185,Juan Carlos Gómez 1315 (Buenos Aires),Restaurant
Ciudad Vieja,-34.9063505,-56.2059795,La Corte,-34.90684367717538,-56.20330519053222,Peatonal Sarandí 586 (e/ Ituzaingó y Juan Carlos Gómez),Restaurant
Ciudad Vieja,-34.9063505,-56.2059795,La Nueva Citadelle,-34.9067088676202,-56.201200484617644,Sarandi 620. Galeria Ciudadela,Restaurant
Ciudad Vieja,-34.9063505,-56.2059795,Dueto,-34.90599125147255,-56.20210995304592,Bartolomé Mitre 1386 (Paseo Policía Vieja),Restaurant
Ciudad Vieja,-34.9063505,-56.2059795,El 17,-34.90799638677694,-56.20346868949357,Buenos Aires 550 (Ituzaingó),Restaurant
Ciudad Vieja,-34.9063505,-56.2059795,Panini's,-34.90671051468124,-56.201387793587585,Peatonal Bacacay 1339,Italian Restaurant
Ciudad Vieja,-34.9063505,-56.2059795,Maki Sushi,-34.908561312374154,-56.201931207274995,Reconquista 601 (Juan Carlos Gómez),Sushi Restaurant
La Comercial,-34.8867491,-56.1690933,Mi Casa,-34.888475408702895,-56.16996794821351,Nueva Palmira (Cufré),Middle Eastern Restaurant
Pocitos,-34.9111227,-56.1505928,Miyagi Shushi,-34.90888601128947,-56.148351249791304,Gabriel Pereira 3138 (26 de marzo),Japanese Restaurant
Pocitos,-34.9111227,-56.1505928,Fellini Ristobaretto,-34.9131961995647,-56.148435797435795,José Martí 3408 (Benito Blanco),Italian Restaurant
Pocitos,-34.9111227,-56.1505928,Gago,-34.912575387318455,-56.14884853363037,Jose Marti 3383 (Juan Benito Blanco),Falafel Restaurant
Pocitos,-34.9111227,-56.1505928,Tandory,-34.907691601721886,-56.152395134718155,Ramon Masini 1130 (Libertad),Restaurant
Pocitos,-34.9111227,-56.1505928,La Cavia,-34.912359,-56.152623,26 de Marzo (Cavia),Latin American Restaurant
Pocitos,-34.9111227,-56.1505928,Milajó,-34.90708327474283,-56.151044032214195,Libertad (Gabriel Pereira),Italian Restaurant
Pocitos,-34.9111227,-56.1505928,Lokotas,-34.90882649,-56.148432,Montevideo Montevideo,Empanada Restaurant
Pocitos,-34.9111227,-56.1505928,Chivitos lo de Pepe,-34.91511420685737,-56.150585106082964,Roque Graseras (Bvar. España),South American Restaurant
Pocitos,-34.9111227,-56.1505928,Erevan,-34.907465164546984,-56.14965224082706,Ellauri 1308 (Gabriel Pereira),Middle Eastern Restaurant
Pocitos,-34.9111227,-56.1505928,La Taquería,-34.91261057902101,-56.148762702941895,José martí  3373 (Benito Blanco),Mexican Restaurant
Pocitos,-34.9111227,-56.1505928,Restaurant Hong Kong,-34.91305047403022,-56.14859104156494,José Martí 3397 (Benito Blanco),Chinese Restaurant
La Blanqueada,-34.8877002,-56.1545179,El Recanto,-34.88581026705911,-56.14955504858219,Luis Alberto de Herrera 2250 (Cardal),Latin American Restaurant
Carrasco,-34.8855774,-56.0581498,Café Misterio,-34.88588370920055,-56.056839986748905,Costa Rica 1700 (Av. Rivera),Restaurant
Carrasco,-34.8855774,-56.0581498,ChiviPizza,-34.887493330458085,-56.05713732861782,Schroeder 6472 (Costa Rica),Restaurant
Carrasco,-34.8855774,-56.0581498,Santa Gula,-34.88605763183663,-56.05678334831544,Costa Rica 1683 (Rivera),Restaurant
Carrasco,-34.8855774,-56.0581498,Clyde's,-34.88594152141713,-56.05678445208801,Costa Rica (Rivera),American Restaurant
Carrasco,-34.8855774,-56.0581498,Dackel,-34.88925556195007,-56.057561630023955,Gabriel Otero 6438 (Arocena),German Restaurant
Carrasco,-34.8855774,-56.0581498,Hoy Te Quiero,-34.889672,-56.056654,Arocena (Otero),Restaurant
Carrasco,-34.8855774,-56.0581498,Tajamar Restó,-34.88316345763776,-56.061224314989325,Lieja 6416 (Divina Comedia),American Restaurant
Punta Gorda,-34.8998411,-56.0815706,Hemingway,-34.89874407242844,-56.082226341987464,Rambla República de México 5535,Seafood Restaurant
Punta Gorda,-34.8998411,-56.0815706,Chivitos Marcos,-34.89607411890646,-56.08018037279377,Coimbra (Gral. Paz),Latin American Restaurant
