Barrio,Poblacion,Municipio,Latitud,Longitude,Cluster Labels,1st Most Common Venue,2nd Most Common Venue,3rd Most Common Venue,4th Most Common Venue,5th Most Common Venue,6th Most Common Venue,7th Most Common Venue,8th Most Common Venue,9th Most Common Venue,10th Most Common Venue
Cordón,42456,B,-34.9008267,-56.1801246,0.0,South American Restaurant,Basketball Court,Plaza,Gym / Fitness Center,Gym,Soccer Field,American Restaurant,Other Great Outdoors,Park,Pedestrian Plaza
Punta Carretas,24181,B y CH,-34.9202023,-56.1600649,0.0,Restaurant,Mediterranean Restaurant,Fast Food Restaurant,Italian Restaurant,Gym / Fitness Center,Gym,Mexican Restaurant,Golf Course,South American Restaurant,Modern European Restaurant
Centro,22120,B,-34.9060667,-56.1896562,0.0,Plaza,Restaurant,Gym / Fitness Center,Food Truck,Chinese Restaurant,Latin American Restaurant,Kebab Restaurant,Italian Restaurant,Spanish Restaurant,Gym
Aguada,18557,B y C,-34.8966763,-56.1893663,2.0,Food & Drink Shop,American Restaurant,South American Restaurant,Modern European Restaurant,Other Great Outdoors,Park,Pedestrian Plaza,Plaza,Restaurant,Seafood Restaurant
Tres Cruces,15926,B y CH,-34.892518,-56.1671127,0.0,Latin American Restaurant,Food Court,Chinese Restaurant,Plaza,Soccer Field,Southern / Soul Food Restaurant,Other Great Outdoors,Park,Pedestrian Plaza,Restaurant
Palermo,12992,B,-34.9112877,-56.1806984,0.0,Restaurant,Gym / Fitness Center,Other Great Outdoors,Basketball Court,Basketball Stadium,Stadium,Italian Restaurant,Gym,South American Restaurant,Soccer Stadium
Parque Rodó,12944,B,-34.9100822,-56.1697776,0.0,Restaurant,Gym,American Restaurant,Tapas Restaurant,Italian Restaurant,Food,Soccer Stadium,Other Great Outdoors,Park,Pedestrian Plaza
Barrio Sur,12639,B,-34.9112017,-56.1947844,0.0,American Restaurant,Food & Drink Shop,Restaurant,Vegetarian / Vegan Restaurant,Beach,Southern / Soul Food Restaurant,Park,Pedestrian Plaza,Plaza,Basketball Court
Ciudad Vieja,12555,B,-34.9063505,-56.2059795,0.0,Restaurant,Plaza,Vegetarian / Vegan Restaurant,Food & Drink Shop,Pedestrian Plaza,Latin American Restaurant,Italian Restaurant,Health Food Store,South American Restaurant,Southern / Soul Food Restaurant
La Comercial,11444,B y C,-34.8867491,-56.1690933,3.0,Middle Eastern Restaurant,South American Restaurant,Modern European Restaurant,Other Great Outdoors,Park,Pedestrian Plaza,Plaza,Restaurant,Seafood Restaurant,Soccer Field
Pocitos,67992,CH,-34.9111227,-56.1505928,0.0,Beach,Italian Restaurant,Sporting Goods Shop,South American Restaurant,Restaurant,Basketball Stadium,Chinese Restaurant,Middle Eastern Restaurant,Empanada Restaurant,Falafel Restaurant
Buceo,36998,CH y E,-34.8978004,-56.1286576,4.0,Park,American Restaurant,South American Restaurant,Modern European Restaurant,Other Great Outdoors,Pedestrian Plaza,Plaza,Restaurant,Seafood Restaurant,Soccer Field
"Parque Batlle, Villa Dolores",31153,CH,-34.896868049999995,-56.15338322140465,0.0,Soccer Stadium,Athletics & Sports,Track Stadium,Park,Sports Club,Soccer Field,Middle Eastern Restaurant,Modern European Restaurant,Other Great Outdoors,Pedestrian Plaza
Larrañaga,17956,C y CH,-34.8804406,-56.1587878,1.0,Soccer Field,Gym,Soccer Stadium,American Restaurant,Mexican Restaurant,Modern European Restaurant,Other Great Outdoors,Park,Pedestrian Plaza,Plaza
La Blanqueada,9600,CH y E,-34.8877002,-56.1545179,0.0,Basketball Court,Athletics & Sports,Latin American Restaurant,American Restaurant,South American Restaurant,Other Great Outdoors,Park,Pedestrian Plaza,Plaza,Restaurant
Unión,39880,"D, E y F",-34.8802364,-56.1376878,1.0,Soccer Field,American Restaurant,South American Restaurant,Modern European Restaurant,Other Great Outdoors,Park,Pedestrian Plaza,Plaza,Restaurant,Seafood Restaurant
Malvín,28102,E,-34.8896923,-56.0947675,1.0,Park,Gym,Soccer Field,American Restaurant,Mexican Restaurant,Modern European Restaurant,Other Great Outdoors,Pedestrian Plaza,Plaza,Restaurant
Malvín Norte,19916,E,-34.8778969,-56.1192811,1.0,Stadium,Soccer Field,American Restaurant,South American Restaurant,Modern European Restaurant,Other Great Outdoors,Park,Pedestrian Plaza,Plaza,Restaurant
Carrasco,15488,E,-34.8855774,-56.0581498,0.0,Restaurant,American Restaurant,Tennis Court,Park,Comfort Food Restaurant,Plaza,German Restaurant,South American Restaurant,Other Great Outdoors,Pedestrian Plaza
Punta Gorda,14259,E,-34.8998411,-56.0815706,0.0,Plaza,Latin American Restaurant,Beach,Seafood Restaurant,American Restaurant,South American Restaurant,Other Great Outdoors,Park,Pedestrian Plaza,Restaurant
Carrasco Norte,13339,E,-34.8728977,-56.0720858,4.0,Park,American Restaurant,South American Restaurant,Modern European Restaurant,Other Great Outdoors,Pedestrian Plaza,Plaza,Restaurant,Seafood Restaurant,Soccer Field
