Barrio,1st Most Common Venue,2nd Most Common Venue,3rd Most Common Venue,4th Most Common Venue,5th Most Common Venue,6th Most Common Venue,7th Most Common Venue,8th Most Common Venue,9th Most Common Venue,10th Most Common Venue
Barrio Sur,American Restaurant,Food & Drink Shop,Restaurant,Vegetarian / Vegan Restaurant,Beach,Southern / Soul Food Restaurant,Park,Pedestrian Plaza,Plaza,Basketball Court
Carrasco,Restaurant,American Restaurant,Tennis Court,Park,Comfort Food Restaurant,Plaza,German Restaurant,South American Restaurant,Other Great Outdoors,Pedestrian Plaza
Centro,Plaza,Restaurant,Gym / Fitness Center,Food Truck,Chinese Restaurant,Latin American Restaurant,Kebab Restaurant,Italian Restaurant,Spanish Restaurant,Gym
Ciudad Vieja,Restaurant,Plaza,Vegetarian / Vegan Restaurant,Food & Drink Shop,Pedestrian Plaza,Latin American Restaurant,Italian Restaurant,Health Food Store,South American Restaurant,Southern / Soul Food Restaurant
Cordón,South American Restaurant,Basketball Court,Plaza,Gym / Fitness Center,Gym,Soccer Field,American Restaurant,Other Great Outdoors,Park,Pedestrian Plaza
La Blanqueada,Basketball Court,Athletics & Sports,Latin American Restaurant,American Restaurant,South American Restaurant,Other Great Outdoors,Park,Pedestrian Plaza,Plaza,Restaurant
Palermo,Restaurant,Gym / Fitness Center,Other Great Outdoors,Basketball Court,Basketball Stadium,Stadium,Italian Restaurant,Gym,South American Restaurant,Soccer Stadium
"Parque Batlle, Villa Dolores",Soccer Stadium,Athletics & Sports,Track Stadium,Park,Sports Club,Soccer Field,Middle Eastern Restaurant,Modern European Restaurant,Other Great Outdoors,Pedestrian Plaza
Parque Rodó,Restaurant,Gym,American Restaurant,Tapas Restaurant,Italian Restaurant,Food,Soccer Stadium,Other Great Outdoors,Park,Pedestrian Plaza
Pocitos,Beach,Italian Restaurant,Sporting Goods Shop,South American Restaurant,Restaurant,Basketball Stadium,Chinese Restaurant,Middle Eastern Restaurant,Empanada Restaurant,Falafel Restaurant
Punta Carretas,Restaurant,Mediterranean Restaurant,Fast Food Restaurant,Italian Restaurant,Gym / Fitness Center,Gym,Mexican Restaurant,Golf Course,South American Restaurant,Modern European Restaurant
Punta Gorda,Plaza,Latin American Restaurant,Beach,Seafood Restaurant,American Restaurant,South American Restaurant,Other Great Outdoors,Park,Pedestrian Plaza,Restaurant
Tres Cruces,Latin American Restaurant,Food Court,Chinese Restaurant,Plaza,Soccer Field,Southern / Soul Food Restaurant,Other Great Outdoors,Park,Pedestrian Plaza,Restaurant
